Word,Count
company,647
eur,537
market,506
share,418
stock,318
new,309
ha,304
sebi,301
sale,265
crore,263
net,260
million,252
india,250
group,241
bank,232
nifty,226
profit,225
service,224
mn,222
finnish,222
said,220
finland,214
business,213
wa,211
financial,195
year,194
may,190
ipo,181
investor,169
bond,168
report,163
price,154
director,145
capital,145
ceo,144
board,142
euro,140
quarter,133
also,131
appoints,126
level,126
mln,126
operating,125
result,123
investment,122
issue,118
trade,118
product,117
trading,116
end,113
plan,113
fund,113
total,110
first,107
rupee,106
unit,105
industry,104
plant,103
raise,102
system,102
exchange,101
say,101
helsinki,101
per,101
stake,100
based,100
contract,100
take,99
operation,99
solution,99
top,98
value,98
loss,97
oyj,97
right,96
order,94
time,93
global,93
technology,92
post,92
project,91
range,90
corporation,90
china,90
flat,89
offer,88
deal,87
part,85
production,84
nokia,84
period,83
data,82
steady,82
day,82
head,81
mobile,81
launch,81
security,80
bse,80
one,79
customer,79
chairman,78
term,78
today,78
oil,77
government,76
january,76
ashwani,76
sensex,76
gujral,76
management,75
building,75
cr,74
ltd,74
next,74
shareholder,74
medium,74
well,74
sector,74
two,74
according,73
key,72
firm,71
hold,71
street,70
week,70
oy,70
development,69
area,69
likely,69
paper,69
option,69
ahead,69
would,67
high,67
gold,67
construction,66
seen,66
september,66
rbi,66
billion,65
network,65
nse,65
start,64
focus,63
month,63
thacker,62
march,62
mitesh,62
line,62
approximately,61
set,61
mecklai,60
employee,60
around,60
see,60
number,59
sell,59
power,59
chief,59
president,59
dividend,59
co,58
open,57
make,56
get,56
via,56
support,56
real,55
country,55
policy,55
second,55
annual,54
april,54
target,54
expected,54
plc,53
information,53
steel,53
five,53
usd,53
june,52
office,51
norm,51
move,51
future,51
indian,50
design,50
md,50
october,50
com,50
appointed,50
name,50
includes,49
include,49
equity,49
omx,49
including,49
state,49
transaction,48
mcx,48
holding,48
member,48
public,48
equipment,47
hit,47
analyst,47
percent,47
meeting,47
dollar,47
application,46
communication,46
buy,46
remain,46
russia,46
executive,45
compared,45
seek,45
near,45
facility,45
long,45
infosys,45
watch,45
agreement,45
acquisition,45
join,45
pct,44
tax,44
mixed,44
international,43
rate,43
managing,43
earnings,43
brand,42
cent,42
infrastructure,42
made,42
look,42
asia,42
software,41
call,41
hel,41
pre,41
decreased,41
energy,41
worth,41
commodity,41
subsidiary,40
manufacturing,40
delivery,40
engineering,40
news,40
need,39
detail,39
people,39
december,39
index,39
consumer,39
finance,38
growth,38
go,38
insurance,38
tata,38
expect,38
three,38
cash,38
use,38
change,37
give,37
world,37
february,37
announced,37
third,37
life,37
phone,37
work,37
research,37
wall,37
marketing,37
electronics,36
retail,36
good,36
asset,36
process,36
estate,36
cover,36
segment,36
test,36
last,36
expects,36
related,36
property,35
food,35
listed,35
pharmaceutical,35
device,35
material,35
general,35
file,35
non,35
expert,35
inc,34
reported,34
space,34
revenue,34
corporate,34
reliance,34
cut,34
july,34
continue,34
available,33
yuan,33
amount,33
maker,33
division,33
developed,33
manager,33
distribution,33
decision,33
broker,33
major,33
partner,32
however,32
fell,32
purchase,32
august,32
following,32
currently,32
short,31
banking,31
opening,31
largest,31
sandeep,31
corp,31
increase,31
source,31
job,31
could,31
mill,31
back,31
european,31
bn,31
capman,31
store,30
currency,30
activity,30
case,30
used,30
rangebound,30
voting,30
nsel,30
position,30
central,30
free,30
cost,30
list,30
close,30
return,30
structure,29
manufacturer,29
forward,29
supply,29
earlier,29
analysis,29
ten,29
release,29
center,29
current,29
promoter,29
money,29
full,28
uk,28
st,28
loan,28
rule,28
november,28
mid,28
sbi,28
eye,28
corresponding,28
half,28
capacity,28
ftil,28
nordea,28
subscription,28
quits,28
industrial,28
city,28
volume,28
acquired,28
interest,27
much,27
listing,27
telecom,27
stay,27
quality,27
nasdaq,27
place,27
six,27
scheme,27
www,27
sampo,27
pharma,27
swedish,27
headquartered,27
russian,27
deepak,27
come,27
within,27
negotiation,27
cement,26
nordic,26
big,26
credit,26
house,26
thing,26
added,26
alma,26
local,26
auction,26
impact,26
since,26
asian,26
lower,26
internet,26
point,26
europe,26
estimated,26
soon,26
subscribed,26
cap,26
merger,26
sweden,25
limited,25
thin,25
owner,25
performance,25
bourse,25
platform,25
program,25
pay,25
manufacture,25
debt,25
senior,25
friday,25
foreign,25
tomorrow,25
completed,25
strategy,25
employ,25
way,25
due,25
transfer,25
sinha,25
owned,25
talk,25
baltic,24
region,24
technical,24
square,24
delivered,24
vice,24
fixed,24
show,24
kumar,24
basware,24
reserve,24
wagle,24
already,24
metal,24
low,24
wait,24
ahlstrom,24
like,24
review,24
provides,24
disclosed,24
processing,23
tech,23
edelweiss,23
site,23
london,23
mf,23
provide,23
built,23
started,23
lead,23
making,23
four,23
personnel,23
idea,23
commercial,23
check,23
totalled,23
account,23
logistics,23
sold,23
held,23
turnover,23
situation,23
paid,23
demand,22
decided,22
amounted,22
fy,22
rating,22
online,22
operator,22
choksey,22
staff,22
ncdex,22
mehta,22
court,22
export,22
band,22
mr,22
budget,22
wednesday,22
agreed,22
control,22
using,22
interim,22
charge,22
issued,22
date,22
morgan,21
sanoma,21
north,21
published,21
elcoteq,21
ecb,21
view,21
want,21
operates,21
help,21
election,21
venture,21
fed,21
measure,21
enterprise,21
nod,21
statement,21
economic,21
joint,21
petersburg,21
govt,21
fiscal,21
monday,21
machinery,21
upm,21
early,21
maximum,21
gas,21
stora,21
record,21
build,21
airtel,20
meet,20
maintenance,20
shah,20
model,20
entity,20
content,20
provided,20
mutual,20
asks,20
planning,20
tikkurila,20
small,20
va,20
bet,20
japan,20
portfolio,20
rental,20
enso,20
among,20
outlook,20
risk,20
fiis,20
chain,20
whole,20
addition,20
put,20
officer,20
scheduled,20
private,19
reform,19
guidance,19
yield,19
going,19
totaled,19
step,19
water,19
consolidated,19
estonia,19
icici,19
fall,19
arm,19
begin,19
chinese,19
aldata,19
yit,19
supplier,19
different,19
buying,19
type,19
exit,19
centre,19
trend,19
kemira,19
fmc,18
series,18
invest,18
espoo,18
another,18
important,18
ruukki,18
play,18
player,18
germany,18
bid,18
aspo,18
action,18
kong,18
south,18
large,18
approval,18
national,18
several,18
home,18
still,18
biggest,18
standard,18
cmd,18
former,18
closed,18
deven,18
study,18
cfo,18
shipping,18
tv,18
trader,18
little,18
existing,18
broking,18
ril,18
register,18
glass,17
video,17
america,17
announcement,17
flow,17
access,17
reduction,17
developer,17
fiskars,17
pohjola,17
auto,17
limit,17
rally,17
approach,17
margin,17
debut,17
paint,17
united,17
user,17
sugar,17
mark,17
hong,17
neutral,17
independent,17
become,17
fresh,17
located,17
remains,17
psu,17
nyse,17
base,17
previously,17
metre,17
poyry,17
fourth,17
sport,17
ex,16
fine,16
latest,16
strong,16
bharti,16
electronic,16
generated,16
agarwal,16
bound,16
coming,16
web,16
secure,16
thursday,16
included,16
motilal,16
aim,16
dec,16
poland,16
cross,16
strategic,16
teliasonera,16
handset,16
le,16
payment,16
lakh,16
valuation,16
traffic,16
scanfil,16
looking,16
chemical,16
housing,16
alexandria,16
present,16
resource,16
combined,16
party,16
tonne,16
aspocomp,16
incap,16
higher,16
eyed,16
afx,16
changed,16
significant,16
doe,16
treatment,16
tuesday,16
sq,16
main,16
press,16
park,16
owns,16
commission,16
hsbc,15
packaging,15
phase,15
enter,15
proposal,15
committee,15
provider,15
oswal,15
ground,15
component,15
clear,15
ready,15
planned,15
sx,15
holiday,15
person,15
authority,15
sat,15
suomen,15
france,15
face,15
despite,15
electricity,15
patent,15
special,15
turn,15
later,15
better,15
natural,15
bill,15
meat,15
environment,15
responsible,15
final,15
brokerage,15
stockmann,15
chart,15
act,15
till,15
motor,15
ab,15
tc,15
pension,15
correction,15
science,15
singh,15
federal,15
pat,15
method,15
mahindra,15
domestic,15
nine,15
neste,15
raw,15
eps,15
additional,15
posted,15
estimate,14
usa,14
gain,14
drive,14
zone,14
income,14
magazine,14
remaining,14
direct,14
tekla,14
infra,14
offering,14
various,14
mainly,14
mail,14
sun,14
computer,14
institutional,14
hcl,14
profile,14
prakash,14
size,14
administration,14
printing,14
taking,14
factor,14
hike,14
location,14
entire,14
fortum,14
client,14
land,14
ongc,14
status,14
role,14
jp,14
effect,14
allows,14
opportunity,14
pick,14
forex,14
music,14
rise,14
tool,14
established,14
conference,13
narrow,13
laboratory,13
coo,13
retest,13
entertainment,13
sek,13
live,13
daily,13
almost,13
installation,13
cargotec,13
okmetic,13
siemens,13
wipro,13
vehicle,13
outotec,13
event,13
towards,13
port,13
reporting,13
field,13
complete,13
advisory,13
yet,13
acquire,13
tracker,13
componenta,13
named,13
coal,13
marimekko,13
team,13
deputy,13
enables,13
jan,13
ac,13
recently,13
across,13
invoice,13
warehouse,13
mull,13
bridge,13
pulp,13
amc,13
reason,13
apple,13
samsung,13
bought,13
bring,13
wealth,13
immediate,13
side,13
factory,13
basis,13
touch,13
game,13
metso,13
newspaper,13
matter,13
digital,13
note,13
beer,13
gross,12
wind,12
teleste,12
fuel,12
registered,12
airline,12
fully,12
advisor,12
glaston,12
forest,12
iifl,12
machine,12
branch,12
mining,12
goldman,12
previous,12
form,12
telecommunication,12
run,12
czech,12
shenoy,12
recommend,12
function,12
organization,12
many,12
norway,12
affect,12
takeaway,12
worldwide,12
announces,12
beginning,12
pricing,12
completion,12
panel,12
charging,12
sign,12
find,12
benefit,12
offshore,12
huhtamaki,12
valued,12
refinery,12
citycon,12
stockholm,12
nearly,12
accordance,12
old,12
union,12
comptel,12
ajay,12
road,12
alibaba,12
vote,12
regulator,12
disclose,12
selling,12
summer,12
deutsche,12
forecast,12
arun,12
proposes,12
cencorp,12
gujarat,12
prateek,12
together,11
east,11
pc,11
told,11
anand,11
establish,11
technopolis,11
hotel,11
consumption,11
developing,11
direction,11
broadband,11
oulu,11
vantaa,11
wood,11
condition,11
tel,11
hire,11
crane,11
ask,11
transport,11
ship,11
personal,11
volatility,11
spring,11
decide,11
fee,11
counter,11
book,11
lot,11
specific,11
elevates,11
moscow,11
buyer,11
publish,11
know,11
comment,11
website,11
fpo,11
experience,11
proposed,11
barclays,11
maruti,11
law,11
de,11
mean,11
benchmark,11
producer,11
handling,11
station,11
concerning,11
shareholding,11
light,11
car,11
operate,11
fair,11
ton,11
resigns,11
pulse,11
ownership,11
given,11
outside,11
keep,11
founder,11
associate,11
required,11
upside,11
terminal,11
far,11
idfc,11
cue,11
starting,11
republic,10
transportation,10
shop,10
salcomp,10
category,10
rapala,10
launched,10
overseas,10
slightly,10
nok,10
card,10
continued,10
university,10
taken,10
pandey,10
pankaj,10
art,10
debenture,10
pe,10
sanjay,10
buyback,10
shift,10
ministry,10
known,10
seven,10
ore,10
agm,10
mode,10
dlf,10
vijay,10
stanley,10
nomura,10
possible,10
hand,10
hk,10
update,10
without,10
sum,10
american,10
add,10
transferred,10
textile,10
feb,10
subject,10
sachs,10
nitin,10
concern,10
actual,10
led,10
invested,10
sterling,10
diwan,10
rope,10
produce,10
hdfc,10
extension,10
realty,10
coffee,10
angel,10
operational,10
restructuring,10
bofa,10
great,10
item,10
malkani,10
code,10
fix,10
travel,10
leader,10
composite,10
jpmorgan,10
unchanged,10
increased,10
governance,10
passenger,10
microsoft,10
class,10
ncds,10
roll,10
block,10
consultancy,10
sudip,10
vaisala,10
ranbaxy,10
netherlands,10
growing,10
stage,10
raisio,10
shopping,10
recurring,10
official,10
honkarakenne,10
released,10
registration,10
window,10
balance,10
engine,10
similar,10
italy,10
panostaja,9
force,9
talvivaara,9
upon,9
tough,9
resistance,9
circuit,9
fiber,9
declined,9
korea,9
patient,9
australia,9
moving,9
institution,9
expense,9
initial,9
clsa,9
coating,9
vessel,9
hour,9
axis,9
becomes,9
air,9
tampere,9
drug,9
tower,9
expansion,9
format,9
mohoni,9
ghosh,9
audit,9
nnen,9
tehtaat,9
healthcare,9
deliver,9
fish,9
poll,9
regional,9
joshi,9
mayuresh,9
rautaruukki,9
ftse,9
implement,9
aviation,9
gave,9
accounted,9
section,9
hul,9
eet,9
search,9
governor,9
session,9
expand,9
oct,9
sesa,9
shall,9
green,9
macro,9
consider,9
midcap,9
district,9
room,9
convertible,9
heat,9
needed,9
iron,9
safety,9
consolidation,9
others,9
holder,9
output,9
clothing,9
initiative,9
publisher,9
multi,9
religare,9
representing,9
spot,9
intraday,9
wide,9
managed,9
modi,9
railway,9
mw,9
complex,9
probe,9
movement,9
economy,9
consists,9
uti,9
directed,9
jain,9
http,9
social,9
divestment,9
push,9
buyout,9
cramo,9
rakesh,9
inflation,9
council,9
carried,9
gur,9
guide,9
enable,9
wireless,9
fii,9
recovery,9
lay,9
individual,9
liquid,9
involved,9
came,9
traded,9
unlikely,9
se,9
produced,9
seller,9
th,9
took,8
eight,8
warning,8
flexible,8
receive,8
headed,8
competition,8
ubs,8
sponda,8
fishing,8
eastern,8
approved,8
every,8
sahara,8
channel,8
route,8
selected,8
track,8
manage,8
offs,8
arindam,8
talentum,8
farm,8
must,8
monetary,8
emission,8
accessory,8
vishal,8
prospect,8
carry,8
atrium,8
connection,8
southern,8
premise,8
hkscan,8
bnp,8
exel,8
pacific,8
sanomat,8
environmental,8
import,8
dropped,8
jagdish,8
specialty,8
overview,8
tap,8
bandyopadhyay,8
kotak,8
ã³,8
quarterly,8
multiple,8
maharashtra,8
amer,8
kymmene,8
continues,8
tribunal,8
financing,8
temporary,8
dipan,8
lemminkainen,8
implementation,8
qip,8
ratio,8
enough,8
cutting,8
id,8
bhat,8
citigroup,8
follow,8
york,8
clarity,8
micromax,8
bag,8
pm,8
serve,8
server,8
edge,8
cycle,8
hindustan,8
spicejet,8
majority,8
letter,8
beyond,8
webcast,8
cipla,8
propose,8
diwali,8
recommendation,8
quiet,8
charger,8
zee,8
bajaj,8
belgium,8
founded,8
participate,8
inflow,8
licence,8
priced,8
active,8
underground,8
consolidate,8
training,8
vodafone,8
investing,8
story,8
aptart,8
might,8
designed,8
carrier,8
dalal,8
brazil,8
sme,8
crude,8
sea,8
received,8
ntpc,8
notice,8
ukraine,8
minute,8
weak,8
disclosure,8
trigger,8
deposit,8
konecranes,8
warrant,8
autumn,8
eu,8
cil,8
shriram,8
stop,8
finnair,8
liquidity,8
distributor,8
sheet,8
voice,8
reach,8
etf,8
draft,8
ponzi,8
indigo,8
insider,8
especially,8
tie,8
woman,8
msci,8
called,7
responsibility,7
tecnomen,7
heating,7
bansal,7
informed,7
equipped,7
welcome,7
lse,7
shanghai,7
sole,7
beverage,7
feed,7
rajan,7
banker,7
smart,7
found,7
ago,7
considering,7
subscribe,7
stainless,7
arrangement,7
ml,7
invite,7
thousand,7
electrical,7
measurement,7
divided,7
extended,7
linked,7
blue,7
cargo,7
fundamental,7
approves,7
red,7
develop,7
leading,7
ramirent,7
excluding,7
delhi,7
family,7
kone,7
nuclear,7
potential,7
pvt,7
piramal,7
single,7
regulation,7
expiry,7
merge,7
efore,7
truck,7
reduce,7
etteplan,7
speed,7
cable,7
hope,7
denmark,7
effective,7
front,7
raute,7
wholesale,7
latvia,7
commexes,7
lithuania,7
link,7
mobility,7
estonian,7
comprises,7
conducted,7
veneer,7
outstanding,7
professional,7
replace,7
nair,7
olvi,7
biohit,7
lure,7
vaahto,7
filter,7
vendor,7
sharekhan,7
course,7
danish,7
outokumpu,7
modern,7
consulting,7
insurer,7
inen,7
thomson,7
selection,7
airport,7
vedanta,7
curb,7
ski,7
birla,7
brief,7
sideways,7
boost,7
stood,7
pas,7
northern,7
allocation,7
ashok,7
address,7
grade,7
irfc,7
providing,7
jet,7
nonwovens,7
tm,7
create,7
separate,7
adpnews,7
arvind,7
producing,7
body,7
elisa,7
singapore,7
partly,7
requirement,7
sudhir,7
advanced,7
wartsila,7
paribas,7
away,7
survey,7
thus,7
kroon,7
negative,7
discus,7
alkem,7
ambit,7
amit,7
became,7
positive,7
abroad,7
extends,7
upgrade,7
yesterday,7
us,7
fertiliser,7
went,7
cairn,7
association,7
medical,7
divested,7
mehraboon,7
max,7
irani,7
jyvaskyla,7
tight,7
em,7
premium,7
fmcg,7
identity,7
split,7
itc,7
coast,7
cooperation,7
commerce,7
appointment,7
payroll,7
automation,7
past,7
residential,7
average,7
recent,7
floor,7
pfc,7
stable,7
resume,7
icicidirect,6
commitment,6
version,6
signal,6
aluminium,6
lender,6
dish,6
philip,6
interface,6
catch,6
headquarters,6
pboc,6
monthly,6
ssh,6
ilkka,6
expensive,6
expertise,6
sail,6
turnaround,6
cheaper,6
furniture,6
digia,6
primary,6
comprise,6
bottom,6
lte,6
sharma,6
affecto,6
adjustment,6
royal,6
intervention,6
mechanical,6
tieto,6
trademark,6
bull,6
taiwan,6
retain,6
community,6
appellate,6
undisclosed,6
perspective,6
protalix,6
hear,6
merchant,6
orion,6
rao,6
allow,6
pro,6
applied,6
paikallissanomat,6
mt,6
retailer,6
contains,6
spain,6
downside,6
meter,6
improve,6
neeraj,6
saw,6
engaged,6
stream,6
idbi,6
develops,6
jindal,6
lic,6
submit,6
ii,6
agency,6
affair,6
british,6
gulf,6
getting,6
billing,6
rail,6
overall,6
minority,6
acquires,6
adp,6
rejigs,6
quantum,6
john,6
rose,6
shoe,6
generation,6
least,6
legal,6
plate,6
followed,6
let,6
boat,6
star,6
goa,6
reclaim,6
tube,6
appoint,6
jignesh,6
core,6
raheja,6
mandatory,6
controlled,6
conduct,6
raghuram,6
surprise,6
kesko,6
friend,6
ensure,6
motorola,6
quit,6
transferring,6
ravi,6
chance,6
coated,6
prospectus,6
inventor,6
improvement,6
correct,6
trying,6
expenditure,6
history,6
settle,6
elected,6
grimaldi,6
finnlines,6
gypsii,6
focusing,6
solid,6
sawmill,6
worry,6
blackridge,6
mumbai,6
harendra,6
hook,6
entered,6
crucial,6
figure,6
black,6
asked,6
savcor,6
bodke,6
gdp,6
indicate,6
cautious,6
civil,6
restricted,6
document,6
bg,6
solidium,6
meur,6
even,6
shell,6
summit,6
spice,6
hot,6
subsidy,6
sept,6
testing,6
await,6
happen,6
goodwill,6
midcaps,6
health,6
waste,6
derivative,6
discount,6
revival,6
hr,6
department,6
giant,6
pressure,6
think,6
tiimari,6
shale,6
corner,6
ag,6
eek,6
cheap,6
mind,6
preliminary,6
supermarket,6
kyro,6
box,6
difficult,6
bonus,6
sc,6
outcome,6
quite,6
leased,6
greece,6
kunj,6
ixonos,6
utility,6
contact,6
balaji,6
break,6
saint,6
navigation,6
billionaire,6
late,6
calm,6
working,6
select,6
ambareesh,6
neomarkka,6
middle,6
signed,6
increasing,6
notifies,6
arena,6
chartered,6
op,6
purchased,6
ordered,6
intent,6
pekka,6
rinl,6
anil,6
bhel,6
shot,6
shipyard,6
copper,6
sabha,6
defaulter,6
hero,6
plus,6
motocorp,6
suisse,6
plea,6
africa,6
ruokatalo,6
gupta,6
tender,6
baliga,6
fly,6
wipe,6
strength,6
bar,6
plot,6
participant,6
expectation,6
fast,6
along,6
human,6
nmdc,6
clarification,6
plywood,6
sanjeev,5
matrix,5
outlet,5
psus,5
employment,5
relocate,5
please,5
alliance,5
dr,5
yes,5
proceeds,5
historic,5
specialist,5
viking,5
turku,5
subscriber,5
immediately,5
nikkei,5
mantri,5
vijai,5
print,5
sustainable,5
chokkalingam,5
particular,5
fitch,5
dealing,5
rising,5
running,5
apartment,5
commissioned,5
exporter,5
sec,5
bp,5
ongoing,5
gap,5
spectrum,5
sentiment,5
vasudeva,5
heading,5
uponor,5
automotive,5
brent,5
jones,5
smaller,5
moment,5
vp,5
huge,5
quick,5
weakness,5
comprising,5
bangalore,5
chosen,5
ended,5
mix,5
apply,5
module,5
award,5
versus,5
omcs,5
martin,5
gaurav,5
continuing,5
onmobile,5
david,5
radar,5
principal,5
substantial,5
issuance,5
consent,5
parent,5
variety,5
chennai,5
matching,5
rival,5
feature,5
jaitley,5
reduced,5
placed,5
inventory,5
lift,5
antenna,5
lab,5
institute,5
sanjiv,5
message,5
sterlite,5
bhambwani,5
wafer,5
reader,5
saving,5
rb,5
excess,5
dilip,5
prior,5
mexico,5
kalmar,5
minimum,5
schedule,5
mou,5
metro,5
refining,5
dedicated,5
accounting,5
lok,5
german,5
contracting,5
remuneration,5
marine,5
dubai,5
remainder,5
caution,5
resident,5
micro,5
gautam,5
recommends,5
clearing,5
bihar,5
unilever,5
surveillance,5
interior,5
nov,5
broad,5
hannu,5
appeal,5
town,5
canada,5
qpr,5
scandinavian,5
ferry,5
scale,5
kapoor,5
connectivity,5
relation,5
tip,5
exposure,5
jsw,5
send,5
repurchase,5
emerging,5
il,5
orange,5
upto,5
depending,5
aug,5
minister,5
giving,5
protection,5
ice,5
fire,5
aapl,5
interesting,5
kiran,5
raising,5
malaysia,5
chapter,5
dutch,5
otherwise,5
frequency,5
hall,5
rajat,5
agenda,5
amid,5
bombay,5
prepaid,5
fleet,5
fact,5
kelkar,5
suominen,5
weigh,5
poor,5
startup,5
approve,5
son,5
publishing,5
trouble,5
demonstration,5
wrap,5
log,5
chip,5
represented,5
infotech,5
receives,5
lease,5
narendra,5
cellular,5
reorganisation,5
sekhar,5
phani,5
decrease,5
biotie,5
worker,5
ur,5
campaign,5
norwegian,5
attractive,5
specialises,5
serf,5
nickel,5
networking,5
trust,5
funding,5
confirmed,5
merged,5
gmr,5
invention,5
recorded,5
expanded,5
comprehensive,5
gmbh,5
stand,5
kind,5
presentation,5
worked,5
oriola,5
declares,5
dongguan,5
eero,5
coq,5
jani,5
hemang,5
slap,5
consideration,5
expecting,5
sikka,5
tallinn,5
stability,5
choose,5
audio,5
viewed,5
printed,5
nbfcs,5
gst,5
acquiring,5
primarily,5
vmc,5
cnx,5
essar,5
nordstjernan,5
storage,5
hurry,5
supporting,5
benefon,5
summary,5
jointly,5
km,5
slip,5
ioc,5
revised,5
fired,5
jukka,5
portion,5
newstex,5
loudeac,5
marcel,5
morvillars,5
king,5
citi,5
colgate,5
largecap,5
surface,5
peer,5
danske,5
sharing,5
geojit,5
distance,5
bigger,5
revise,5
manages,5
reuters,5
care,5
hemindra,5
hazari,5
rajiv,5
euronext,5
serving,5
pretax,5
llc,5
container,5
participated,5
snap,5
focused,5
ethanol,5
litre,5
weighs,5
tyre,5
closing,5
metsaliitto,5
scope,5
finalized,5
engineer,5
solteq,5
larger,5
tectia,5
examining,5
volatile,5
raahe,5
ball,5
licensing,5
deficit,5
annually,5
rajesh,5
duration,5
cbi,5
kyc,5
liter,5
lupin,5
turkey,5
crisis,5
alstom,5
career,5
par,4
winning,4
secondary,4
bagga,4
texas,4
municipal,4
bps,4
turned,4
seat,4
diesel,4
ncc,4
austria,4
nda,4
controller,4
ticket,4
macgregor,4
restriction,4
guideline,4
prefer,4
maintains,4
rated,4
attempt,4
unveil,4
mat,4
vegetable,4
royalty,4
midpoint,4
best,4
competitive,4
suzuki,4
follows,4
attached,4
universal,4
popular,4
amendment,4
lng,4
esop,4
hard,4
chase,4
avenue,4
olli,4
heard,4
saying,4
oslo,4
silicon,4
et,4
sunil,4
hemant,4
able,4
lahti,4
mindtree,4
apiece,4
relevant,4
vinay,4
gandhi,4
lens,4
sustainability,4
bang,4
directionless,4
videocon,4
wonderware,4
jspl,4
obtained,4
relief,4
pearl,4
moved,4
initiate,4
hudco,4
integration,4
denominated,4
sanger,4
protect,4
wholly,4
drop,4
tyrv,4
messaging,4
japanese,4
mall,4
demanding,4
meadville,4
maturity,4
extensive,4
emkay,4
trial,4
hosting,4
settled,4
fit,4
negotiating,4
prasad,4
volkswagen,4
throughout,4
controlling,4
implemented,4
kr,4
fibre,4
adopt,4
hunt,4
biocon,4
reddy,4
tweak,4
morning,4
smartphone,4
capture,4
halt,4
spirit,4
jarmo,4
jpm,4
financed,4
assembly,4
parag,4
muhurat,4
reached,4
larsen,4
inspection,4
forma,4
info,4
man,4
telephone,4
pact,4
introduce,4
scenario,4
stuck,4
whether,4
ordinance,4
plastic,4
seeing,4
iraq,4
placement,4
paul,4
jitendra,4
latin,4
winter,4
tecnotree,4
traditional,4
pramod,4
supported,4
syndicated,4
wooden,4
bounce,4
protein,4
carbon,4
debate,4
certain,4
layer,4
comparable,4
ebrd,4
jewellery,4
falling,4
age,4
educare,4
crash,4
amplifier,4
avoid,4
gaurang,4
operative,4
inox,4
race,4
finding,4
ebitda,4
trim,4
mar,4
question,4
ed,4
certification,4
comfort,4
radio,4
birch,4
rvi,4
internationally,4
deewan,4
beat,4
ft,4
crisil,4
got,4
maiden,4
abb,4
foundation,4
image,4
internal,4
suzlon,4
shemaroo,4
slipped,4
targeted,4
thomas,4
draghi,4
tietoenator,4
intends,4
yhtyma,4
resignation,4
concrete,4
electrification,4
rest,4
â¼,4
cool,4
evening,4
lemmink,4
ambani,4
amanda,4
settlement,4
besides,4
manish,4
stks,4
master,4
eesti,4
representative,4
farmer,4
energia,4
attention,4
subcontractor,4
srinivas,4
pmi,4
preferred,4
forestry,4
manufactured,4
introduces,4
defence,4
cad,4
payable,4
dial,4
awarded,4
intel,4
indicated,4
leaving,4
lending,4
lal,4
alfa,4
mega,4
iphone,4
formed,4
overweight,4
rejig,4
significantly,4
aditya,4
centrum,4
length,4
antibody,4
os,4
contractor,4
therapeutic,4
regarding,4
sami,4
dip,4
nhai,4
territory,4
peeling,4
defined,4
altogether,4
integrated,4
knowledge,4
display,4
petrochemical,4
catalyst,4
tread,4
tokyo,4
nomination,4
satama,4
woo,4
risto,4
ireland,4
nirmal,4
takeover,4
municipality,4
kenneth,4
furnace,4
globe,4
infusion,4
behind,4
conversion,4
competitor,4
bearing,4
estimation,4
hamina,4
auditor,4
ultratech,4
allots,4
stonesoft,4
raised,4
cii,4
tightens,4
sovereign,4
tyrvaan,4
muted,4
finish,4
bharat,4
offset,4
roof,4
metsa,4
simultaneously,4
marked,4
leyland,4
oko,4
compliance,4
novel,4
italian,4
stabilise,4
psbs,4
deployment,4
recycled,4
correspond,4
suomi,4
specialising,4
reception,4
broken,4
assigned,4
nothing,4
fight,4
symbian,4
exercising,4
door,4
ruling,4
suggest,4
ing,4
exercise,4
scan,4
whose,4
google,4
grow,4
exhibition,4
vr,4
read,4
procurement,4
ending,4
switzerland,4
iifcl,4
upholds,4
infratech,4
capped,4
hyundai,4
bavelloni,4
kd,4
stone,4
britain,4
comply,4
fdi,4
gear,4
skier,4
covered,4
slump,4
ibm,4
bosch,4
jgbs,4
installed,4
sized,4
sameer,4
screen,4
matti,4
shape,4
garden,4
madison,4
mechanism,4
penny,4
shuffle,4
botnia,4
supplying,4
quoted,4
hnis,4
clarify,4
delayed,4
casing,4
child,4
fun,4
match,4
allowed,4
madhusudan,4
prestige,4
cell,4
san,4
anticipated,4
publication,4
extraordinary,4
ceat,4
regulatory,4
han,4
branded,4
biz,4
imf,4
suitable,4
discussion,4
apr,4
powder,4
tulikivi,4
announce,4
mhz,4
sappi,4
duty,4
changing,4
korean,4
reply,4
soft,4
plumbing,4
amar,4
precision,4
ceramic,4
express,4
challenging,4
rubber,4
peter,4
awareness,4
collection,4
treasury,4
iii,4
dinesh,4
interested,4
tesco,4
kaupthing,4
earning,4
opinion,4
highest,4
cv,4
creating,4
generating,4
war,4
statutory,4
yellen,4
saudi,4
belgian,4
threat,4
bjp,4
eila,4
revisit,4
cold,4
delisting,4
aurobindo,4
cooperative,4
rmr,4
refund,4
astrazeneca,4
grasim,4
swing,4
proprietary,4
title,4
sto,4
hedging,4
sustain,4
keen,4
paris,4
twelve,4
sampriti,4
foot,4
hampshire,4
western,4
jhunjhunwala,4
appropriate,4
putting,4
timo,4
indo,4
mine,4
scrap,4
wns,4
ifc,4
calculated,4
ornamental,4
leave,4
claim,4
airway,4
concerned,4
created,4
silver,4
syngene,4
vrl,4
wonderla,4
promotes,4
grey,4
strike,4
momentum,4
buoyant,4
dhiraj,4
pipette,4
happening,4
tea,4
martela,3
modelling,3
weekend,3
lacklustre,3
police,3
browser,3
household,3
noted,3
spark,3
separated,3
leasing,3
represent,3
seal,3
jun,3
scanner,3
described,3
mazumdar,3
rathi,3
extra,3
geosphere,3
rouble,3
complaint,3
feasibility,3
issuer,3
sent,3
generates,3
sachdev,3
bold,3
aircraft,3
ifrs,3
served,3
shaky,3
rout,3
fallen,3
boot,3
shaw,3
peak,3
weather,3
redeem,3
supervision,3
basel,3
wire,3
merging,3
transmission,3
pack,3
platen,3
slide,3
success,3
arranged,3
swiss,3
easier,3
shadow,3
fifth,3
graphic,3
documentation,3
reasonable,3
synergy,3
laid,3
authorized,3
appear,3
novator,3
sensitive,3
rsa,3
written,3
karvy,3
mcfl,3
ashwanigujral,3
tgk,3
tablet,3
layoff,3
hiab,3
relatively,3
island,3
copying,3
srinivasan,3
abp,3
opec,3
bothnia,3
prohibited,3
ever,3
bubble,3
ashish,3
kauppalehti,3
measuring,3
visitor,3
education,3
defense,3
tunnel,3
pvr,3
nd,3
peg,3
nominal,3
srv,3
frozen,3
granted,3
statistic,3
calif,3
jvc,3
lunch,3
label,3
directly,3
aimed,3
firmer,3
wockhardt,3
featuring,3
hedge,3
desktop,3
commex,3
donation,3
scrip,3
subordinated,3
pantaloon,3
los,3
angeles,3
rama,3
synthetic,3
page,3
pwc,3
dart,3
betting,3
cu,3
christmas,3
wont,3
vacant,3
vary,3
holcim,3
repurchased,3
meal,3
mitsubishi,3
necessary,3
heavy,3
teus,3
valley,3
sriperumbudur,3
asphalt,3
example,3
sa,3
intention,3
prosecution,3
hobby,3
modular,3
diagnostic,3
downtown,3
walking,3
functionality,3
aside,3
coke,3
kaukomarkkinat,3
frame,3
cc,3
kuitu,3
capability,3
dopplr,3
restaurant,3
considered,3
mentioned,3
outsourced,3
consortium,3
tackle,3
fancy,3
radiation,3
load,3
exported,3
bit,3
tamglass,3
fb,3
rapid,3
round,3
precor,3
inbev,3
slaughterhouse,3
permanent,3
philippine,3
hectare,3
aln,3
booked,3
common,3
regulated,3
removal,3
basic,3
helasto,3
juha,3
litas,3
fat,3
met,3
rigid,3
fitness,3
sarantel,3
initially,3
salary,3
decline,3
targeting,3
pt,3
rent,3
english,3
lock,3
commercially,3
automatically,3
concept,3
quote,3
therefore,3
pipeline,3
deregulation,3
folding,3
repayment,3
really,3
unsecured,3
niche,3
valve,3
represents,3
proportion,3
organized,3
circulating,3
lt,3
compensation,3
vacon,3
shipment,3
financialwire,3
nastola,3
understand,3
globally,3
concludes,3
efficient,3
hardware,3
pori,3
diluted,3
authentication,3
turkish,3
redundant,3
convergent,3
essential,3
innovation,3
telko,3
ebit,3
executed,3
wrote,3
therapy,3
temporarily,3
reporter,3
concluded,3
gmo,3
newly,3
eco,3
drink,3
aluminum,3
rts,3
tallink,3
cruise,3
determined,3
oldest,3
email,3
voima,3
museum,3
newsprint,3
mika,3
kallasvuo,3
efficiency,3
relates,3
left,3
analytics,3
package,3
predefined,3
preparation,3
certified,3
sal,3
respectively,3
rtrks,3
sinter,3
associated,3
timetable,3
vat,3
climate,3
trip,3
train,3
karppinen,3
ict,3
differ,3
color,3
tvo,3
element,3
smc,3
perform,3
unique,3
infy,3
investigator,3
kilo,3
season,3
learning,3
cider,3
agricultural,3
covering,3
remained,3
nembv,3
bail,3
heikki,3
backup,3
altimo,3
poh,3
urban,3
organic,3
jeweller,3
adam,3
onto,3
maintain,3
tank,3
tracking,3
depot,3
involve,3
mortgage,3
bertrand,3
sciard,3
construct,3
importance,3
lem,3
suite,3
diversification,3
library,3
oriented,3
mario,3
congress,3
advertising,3
collect,3
canal,3
hindalco,3
article,3
happened,3
egm,3
filed,3
ethernet,3
commence,3
leed,3
sks,3
safran,3
dress,3
license,3
instrument,3
resolution,3
bi,3
committed,3
solar,3
twig,3
cybercom,3
broadcast,3
boe,3
mittal,3
fireplace,3
tenant,3
cinema,3
submits,3
ramco,3
successor,3
swedbank,3
remote,3
retreat,3
headbox,3
masala,3
lost,3
reference,3
visit,3
gsm,3
palm,3
input,3
problem,3
builder,3
done,3
tortue,3
grid,3
identical,3
believe,3
alternative,3
imported,3
waterqueen,3
succeed,3
furthermore,3
fi,3
scott,3
tire,3
longer,3
pda,3
agrees,3
declining,3
original,3
couple,3
michael,3
tree,3
language,3
enabling,3
maturing,3
wagon,3
hospitality,3
driving,3
objective,3
interactive,3
calendar,3
either,3
cause,3
hp,3
pr,3
marathon,3
cosmetic,3
combine,3
poultry,3
ispat,3
highlight,3
entry,3
employer,3
kari,3
pilot,3
wahlroos,3
brewery,3
mkt,3
biomass,3
administrator,3
erkki,3
launching,3
decoration,3
behalf,3
physical,3
lifecycle,3
locally,3
ragot,3
manu,3
depth,3
reportedly,3
relocation,3
meego,3
megafon,3
supervisory,3
distributed,3
nation,3
concentrating,3
intelligence,3
flight,3
visible,3
scissors,3
otto,3
unlock,3
critical,3
merrill,3
adlabs,3
chrysler,3
prashant,3
nhpc,3
reading,3
thyrocare,3
notification,3
cox,3
defensive,3
achieve,3
eros,3
pramerica,3
lodha,3
cotton,3
satish,3
sarraf,3
fiat,3
mtnl,3
lloyd,3
rajgarhia,3
rolling,3
reiterates,3
woe,3
punj,3
parry,3
engg,3
iias,3
establishes,3
recruitment,3
appears,3
anchor,3
abn,3
retires,3
healthy,3
thanks,3
titan,3
cabinet,3
fairly,3
renuka,3
syndicate,3
narayana,3
murthy,3
conflict,3
hydrocarbon,3
membership,3
kick,3
kesoram,3
manpasand,3
draw,3
wsj,3
proxy,3
forum,3
bullish,3
waiting,3
stt,3
evaluation,3
mehrotra,3
gopalakrishnan,3
turning,3
retains,3
ey,3
expire,3
equal,3
symantec,3
weight,3
buildcon,3
infinite,3
cto,3
dg,3
indexed,3
exide,3
aap,3
brought,3
enters,3
flash,3
saurabh,3
gorakshekar,3
wobble,3
ford,3
protocol,3
metropolitan,3
revive,3
limbo,3
weekly,3
hitting,3
finally,3
srivastava,3
barrel,3
hinduja,3
ease,3
attache,3
amitabh,3
bidding,3
foodgrain,3
rural,3
khurana,3
bahl,3
wheat,3
attack,3
pradhan,3
framework,3
orient,3
century,3
janet,3
cci,3
tension,3
sridhar,3
ban,3
petroleum,3
sgx,3
foray,3
beta,3
agrawal,3
ptc,3
wife,3
avinash,3
principle,3
hopeful,3
dozen,3
ucx,3
simple,3
largely,3
club,3
tightening,3
anish,3
lie,3
oi,3
ge,3
prime,3
damania,3
arrest,3
chairperson,3
preparing,3
pursue,3
breather,3
puri,3
russell,3
revamps,3
lanco,3
win,3
trustee,3
toubro,3
harsha,3
shore,3
bpo,3
monsoon,3
delist,3
thakkar,3
parabolic,3
forensic,3
pound,3
awaits,3
supreme,3
elevator,3
decides,3
outperform,3
icis,3
samir,3
consultant,3
float,3
microfinance,3
perpetual,3
ink,3
hospital,3
samvat,3
rice,3
edgy,3
secured,3
intensive,3
withdraws,3
chaudhuri,3
stakeholder,3
vc,3
goel,3
young,3
stopped,3
learn,3
goenka,3
adani,3
wellness,3
mcafee,3
optimism,3
task,3
cyclicals,3
padmanabhan,3
shake,3
greek,3
agri,3
demat,3
vigil,3
panacea,3
advantage,3
elect,3
fraud,3
secretary,3
quo,3
ifci,3
petrol,3
integrate,3
biotec,3
khattar,3
gubbi,3
herring,3
forging,3
disinvestment,3
deck,3
extremely,3
normal,3
probably,3
mphasis,3
swap,3
stimulus,3
ring,3
tier,3
theme,3
instruction,3
weighing,3
ups,3
automated,3
dull,3
permission,3
fear,3
love,3
uae,3
streak,3
prudential,3
mmtc,3
host,3
beef,3
verizon,3
attachment,3
ramesh,3
path,3
bric,3
bos,3
blackrock,3
partnership,3
shetty,3
helping,3
timeline,3
filing,3
reality,3
repo,3
programme,3
coverage,3
rajeev,3
vineet,3
monetisation,3
csr,3
baroda,3
choo,3
enforcement,3
jimmy,3
strict,3
mrpl,3
renewable,3
pimco,3
workflow,3
sharp,3
dsp,3
fl,2
unveils,2
lg,2
replaced,2
dhanlaxmi,2
mike,2
proha,2
picked,2
seasonal,2
aviva,2
shelter,2
delta,2
renesas,2
indonesia,2
surge,2
lion,2
tailor,2
palmberg,2
newpage,2
vuosaari,2
disposable,2
twenty,2
drag,2
zinc,2
evidence,2
prosecutor,2
processguide,2
jackson,2
bathroom,2
taper,2
hang,2
reject,2
originally,2
affected,2
makeover,2
finishing,2
epfo,2
answer,2
uniform,2
filling,2
proper,2
godrej,2
xpress,2
ipad,2
singhal,2
privacy,2
accreditation,2
psoriasis,2
preferential,2
covenant,2
supplied,2
refused,2
canara,2
varun,2
vinith,2
editor,2
finalises,2
fatpipe,2
retirement,2
nigam,2
rashtriya,2
premature,2
aleksandri,2
twice,2
repos,2
demerger,2
scf,2
disclosing,2
arranger,2
dioxide,2
staying,2
toolonlahti,2
generator,2
mikkonen,2
parnu,2
hoist,2
eleven,2
whitehall,2
screw,2
recovered,2
upset,2
seikku,2
ruia,2
pietarsaari,2
dry,2
administered,2
cushman,2
publ,2
corresponds,2
greave,2
dow,2
crompton,2
apollo,2
milestone,2
forced,2
unless,2
wakefield,2
deep,2
krishnan,2
narrowly,2
explained,2
optimization,2
crystal,2
vision,2
studying,2
evaluated,2
mezzanine,2
app,2
dos,2
filmiteollisuus,2
repeated,2
copenhagen,2
laine,2
performing,2
peat,2
peltonen,2
anything,2
reformist,2
sporting,2
compulsory,2
lakshmi,2
pattern,2
downgrade,2
pawan,2
sight,2
sdm,2
updated,2
camlin,2
hockey,2
turnkey,2
roro,2
advertisement,2
vologda,2
basketball,2
mercator,2
mylan,2
rec,2
whats,2
ray,2
independence,2
jk,2
advise,2
converting,2
butola,2
federation,2
explains,2
style,2
tumkur,2
ntsb,2
thinly,2
dismisses,2
carl,2
feeder,2
overlaid,2
catholic,2
rand,2
pohjolan,2
dwt,2
cannot,2
winner,2
raiffeisen,2
offered,2
isro,2
strategist,2
animal,2
shorter,2
ca,2
cryogenic,2
lkp,2
default,2
gaining,2
kallio,2
promise,2
pullback,2
piece,2
wholesaler,2
decoding,2
syrian,2
competing,2
kirloskar,2
rethink,2
citadele,2
bhatt,2
flurry,2
peaked,2
prahlad,2
arrives,2
parking,2
juhani,2
nadu,2
tamil,2
issuing,2
refinance,2
score,2
arora,2
relationship,2
shilpa,2
kpi,2
uncertainty,2
urge,2
tape,2
companiesandmarkets,2
allocated,2
rio,2
tinto,2
diversified,2
signing,2
plasterboard,2
consistency,2
headboxes,2
mundra,2
mi,2
eas,2
participating,2
allotted,2
illiquid,2
sriram,2
hearing,2
lux,2
communicated,2
accommodate,2
grc,2
fabrication,2
broader,2
dictate,2
participation,2
riding,2
marico,2
platinum,2
consolidating,2
mena,2
maytas,2
convergence,2
directorate,2
flagship,2
deducted,2
introduced,2
upcoming,2
sterv,2
processed,2
altona,2
stated,2
funded,2
entitlement,2
determining,2
skip,2
lifted,2
sethuraman,2
trailing,2
clearance,2
rich,2
ibma,2
icex,2
harvester,2
tipped,2
patel,2
industriekapital,2
basu,2
edging,2
seinajoki,2
welding,2
commit,2
entirely,2
salaried,2
pulkovo,2
omeo,2
kausta,2
bengaluru,2
battery,2
cjsc,2
northwest,2
kushe,2
zao,2
compelling,2
kk,2
airbus,2
guangdong,2
scattered,2
qingyuan,2
wilson,2
brian,2
dillon,2
trivedi,2
reflected,2
vauramo,2
renovation,2
enefit,2
commissioning,2
rim,2
palmolive,2
leo,2
french,2
hc,2
bhushan,2
tag,2
rogers,2
jim,2
recruit,2
judicious,2
doctor,2
selective,2
clean,2
trillion,2
careful,2
odell,2
handpicks,2
sizzling,2
logistic,2
disappointment,2
gsk,2
chp,2
spend,2
request,2
strengthening,2
classified,2
carrying,2
invitation,2
rajnikant,2
tab,2
bor,2
maintaining,2
regular,2
topic,2
bavaria,2
stance,2
igl,2
prepares,2
intellibis,2
praveen,2
lull,2
occupied,2
spencer,2
steve,2
biscuit,2
venu,2
sony,2
seamless,2
rather,2
aspect,2
gift,2
clientele,2
mantra,2
qualcomm,2
sparebank,2
defunct,2
strictly,2
raja,2
kshatriya,2
whereby,2
diapol,2
bell,2
promoting,2
termination,2
anoop,2
word,2
seed,2
optimistic,2
breathe,2
amara,2
scotland,2
glitch,2
westpac,2
frn,2
cooperate,2
iex,2
cisco,2
ingredient,2
interrupted,2
lat,2
aktia,2
saved,2
nielsen,2
pepsi,2
dinh,2
facebook,2
outline,2
roughly,2
rfc,2
lulu,2
ericsson,2
yen,2
broadly,2
entirety,2
muthoot,2
cxe,2
bj,2
marginal,2
query,2
moderate,2
discontinued,2
ride,2
acted,2
eaton,2
doring,2
rishi,2
ace,2
sourcing,2
perfect,2
harris,2
lember,2
rumor,2
thunuguntla,2
glaxosmithkline,2
poised,2
steer,2
cohen,2
labor,2
infosystems,2
lavasa,2
someone,2
indiabulls,2
iea,2
storengy,2
sentera,2
dissemination,2
jagannadham,2
hiring,2
inform,2
vora,2
pace,2
nikhil,2
pit,2
sparsh,2
smithfield,2
abloy,2
assa,2
lemiste,2
kauko,2
centralized,2
saarc,2
innovative,2
crackdown,2
kel,2
kaushik,2
liquefied,2
kartik,2
capable,2
jaipuria,2
jyotivardhan,2
discontinue,2
instead,2
foundry,2
qe,2
creditor,2
egom,2
eid,2
fm,2
sab,2
seeking,2
chalasani,2
separating,2
inter,2
delight,2
lawsuit,2
saarelainen,2
reward,2
noel,2
productivity,2
customised,2
highly,2
appealing,2
mp,2
procure,2
belvedere,2
rosen,2
regulate,2
trent,2
pakistan,2
agent,2
laundering,2
benecol,2
nominee,2
choudhary,2
ap,2
antti,2
losing,2
acknowledged,2
systemhaus,2
avc,2
lattelecom,2
crazy,2
onwards,2
numaligarh,2
sastamala,2
depend,2
completes,2
hbos,2
cbdt,2
nicotine,2
sawhney,2
promising,2
rtgs,2
volvo,2
divry,2
philippe,2
salonen,2
bim,2
bns,2
davy,2
mukesh,2
pepsico,2
struggling,2
copyright,2
santosh,2
nayar,2
alchemist,2
networth,2
becoming,2
owning,2
grain,2
sentimental,2
competence,2
logging,2
samas,2
interconnection,2
setting,2
always,2
sethi,2
alpina,2
goog,2
residue,2
tomato,2
snag,2
telenor,2
loyal,2
snowman,2
gps,2
totalling,2
ietf,2
drhp,2
rosenlew,2
ketan,2
meteorology,2
sheth,2
backlog,2
vipul,2
peigs,2
pcbs,2
elxsi,2
jv,2
subramaniam,2
gateway,2
heart,2
distriparks,2
vicinity,2
milk,2
innova,2
caller,2
consisting,2
rakennuskonevuokraamo,2
sievi,2
vtm,2
stick,2
detailed,2
prashasta,2
seth,2
saffron,2
pushed,2
eqt,2
die,2
jussi,2
cheapest,2
tapering,2
iv,2
returned,2
reserved,2
expires,2
hydro,2
dalmia,2
securitised,2
owing,2
undertaking,2
volunteer,2
emergency,2
bulletin,2
yara,2
rotation,2
sverige,2
dutt,2
genuine,2
alone,2
eligible,2
challenge,2
gruppen,2
osl,2
dealer,2
ncd,2
majesco,2
mastek,2
jon,2
risfelt,2
watched,2
upper,2
logo,2
cabin,2
yliopistonrinne,2
foodservice,2
ub,2
rautakirja,2
jayakumar,2
blog,2
earliest,2
seppala,2
fpi,2
forssa,2
surfing,2
amalgamated,2
ujala,2
meri,2
entitled,2
alpha,2
arthveda,2
audi,2
ashoka,2
arcelormittal,2
assocham,2
milan,2
belchatow,2
projection,2
teollisuuden,2
marketplace,2
sri,2
incur,2
kustannus,2
osuuskunta,2
depository,2
impulse,2
kaeley,2
cth,2
backed,2
unicom,2
dramatic,2
tone,2
connector,2
kaleva,2
mature,2
compton,2
recycling,2
dead,2
inclusion,2
bsplindia,2
unprecedented,2
brother,2
availability,2
speaker,2
visibility,2
ro,2
detroit,2
supposed,2
fertilizer,2
ftth,2
twtr,2
stanchart,2
borrowing,2
poaches,2
britannia,2
bose,2
badshah,2
taher,2
involves,2
looked,2
fabric,2
probing,2
retaining,2
soapstone,2
digicel,2
sizing,2
distribute,2
inaugurated,2
transcomm,2
infratel,2
hybrid,2
delivering,2
bsnl,2
flooring,2
crew,2
interaction,2
operated,2
handled,2
viewing,2
constructor,2
smoking,2
excellence,2
maritime,2
ennore,2
suffering,2
clinical,2
deadline,2
suspend,2
competitiveness,2
gm,2
nears,2
oberoi,2
ruble,2
celebrate,2
shade,2
lumene,2
tobacco,2
golden,2
dal,2
film,2
technopark,2
ccd,2
chamber,2
raamdeo,2
voluntary,2
adb,2
walden,2
plx,2
simmons,2
erp,2
practice,2
storey,2
teresa,2
student,2
adequacy,2
kept,2
kho,2
generate,2
ir,2
additionally,2
fortis,2
lodged,2
commentary,2
hover,2
nekoski,2
village,2
berkshire,2
hathaway,2
felt,2
canceled,2
etc,2
parsvnath,2
approx,2
gallerix,2
engineered,2
genetically,2
von,2
koskull,2
rbl,2
moody,2
otc,2
caused,2
correlation,2
misra,2
dua,2
petition,2
underlying,2
damage,2
sense,2
unknown,2
frenzy,2
hurdle,2
primer,2
abhay,2
jio,2
amro,2
sanomawsoy,2
certificate,2
nalco,2
tlt,2
workforce,2
emphasis,2
expo,2
picture,2
signature,2
although,2
vadodara,2
bpcl,2
kai,2
telanne,2
tuomas,2
weber,2
spread,2
cropscience,2
assessment,2
bayer,2
elevated,2
unusual,2
kunal,2
cautiously,2
francisco,2
tushar,2
cellulose,2
valeant,2
hospitalized,2
tom,2
anne,2
geographical,2
ortel,2
ok,2
packed,2
sabmiller,2
snow,2
roy,2
marubeni,2
hamied,2
technofab,2
weightage,2
picking,2
fraudulent,2
brings,2
bow,2
gilt,2
profiling,2
ovi,2
mineral,2
rush,2
pending,2
pine,2
imposed,2
fortune,2
opt,2
ki,2
oversold,2
zaveri,2
southwestern,2
unaudited,2
peab,2
venkatesan,2
breach,2
stretched,2
enjoy,2
identification,2
sensor,2
positioning,2
easy,2
reflects,2
tenth,2
fray,2
bhattacharya,2
slaughtering,2
elsewhere,2
spike,2
borrower,2
romania,2
interview,2
nirma,2
manipulation,2
uv,2
recover,2
nihilent,2
downtick,2
prothious,2
nahata,2
paatela,2
gajendra,2
favorable,2
trainer,2
everything,2
politics,2
dosing,2
hungary,2
southeastern,2
warranted,2
monster,2
leaf,2
kauhajoki,2
heal,2
apac,2
youtube,2
innofactor,2
photo,2
scene,2
favorite,2
trojan,2
anagram,2
ajit,2
ostrava,2
relocated,2
intended,2
portti,2
death,2
ofs,2
lynch,2
oriental,2
fashion,2
educomp,2
fpos,2
bln,2
dcb,2
playing,2
viii,2
uninor,2
wo,2
emami,2
quickly,2
pause,2
johan,2
economist,2
provisioning,2
bajpai,2
sro,2
afresh,2
pooling,2
nevsky,2
rt,2
bounceback,2
repco,2
pirkka,2
ultra,2
hal,2
ram,2
jari,2
uptrends,2
sachin,2
safe,2
school,2
linger,2
crown,2
holmen,2
shane,2
fullerton,2
era,2
geosentric,2
puravankara,2
reliable,2
rallis,2
airbaltic,2
hindusthan,2
nandkumar,2
au,2
nanda,2
qfis,2
til,2
ta,2
shuts,2
aurionpro,2
technological,2
turbine,2
specified,2
consequence,2
financier,2
friendly,2
ventura,2
assumes,2
nevertheless,2
subdued,2
pankki,2
inflection,2
irf,2
bye,2
rehu,2
decent,2
surti,2
afternoon,2
tik,2
runway,2
visual,2
permit,2
chasing,2
sh,2
timex,2
utilisation,2
routing,2
rebound,2
try,2
qualified,2
daimler,2
adrian,2
assigns,2
buzz,2
relaxes,2
ev,2
udasi,2
henrik,2
continuous,2
lkab,2
dma,2
lippupiste,2
toy,2
wilful,2
sonam,2
michelin,2
portugal,2
aker,2
hilton,2
magnetite,2
possibility,2
dimension,2
smith,2
grievance,2
effectively,2
prevails,2
bed,2
buffett,2
blast,2
respite,2
symbol,2
offsetted,2
trending,2
virala,2
balakrishnan,2
bahrain,2
nurminen,2
dans,2
charter,2
dropping,2
awaited,2
secular,2
pair,2
calcination,2
margarine,2
liechtenstein,2
fluid,2
mantsala,2
eyeing,2
save,2
partially,2
munich,2
dairy,2
cm,2
shopper,2
jewel,2
portal,2
prepared,2
lesprom,2
hint,2
dynamic,2
workshop,2
hollola,2
tpg,2
bangkok,2
mukherjee,2
bakery,2
retained,2
opposite,2
ervio,2
glenmark,2
warren,2
electric,2
concentrate,2
balanced,2
intertek,2
cvc,2
ruled,2
rcom,2
mm,2
nbhc,2
interglobe,2
patni,2
proline,2
flexibly,2
chicago,2
petronet,2
securitisation,2
enhance,2
tendered,2
bochum,2
aussie,2
payouts,2
adrs,2
failed,2
speculative,2
outsourcing,2
reappointment,2
warsaw,2
talo,2
suv,2
compatible,2
gla,2
tighten,2
navigator,2
kazakhstan,2
reimbursed,2
teks,2
calculates,2
odd,2
aggarwal,2
geometric,2
sub,2
degerfors,2
classic,2
votorantim,2
pv,2
divide,2
turbulence,2
sanghvi,2
chile,2
frank,2
determine,2
polish,2
patnaik,2
pathlabs,2
enhanced,2
krishna,2
employing,2
parliament,2
tirthankar,2
ambassador,2
loses,2
citing,2
en,2
salo,2
spin,2
dhanteras,2
cabot,2
directs,2
sponsoring,2
continental,2
cd,2
gepl,2
mop,2
manoj,2
slovak,2
rug,2
restarting,2
peugeot,2
fork,2
bnamericas,2
scottish,2
vaish,2
kito,2
insight,2
literacy,2
crunch,2
eb,2
mertano,2
sister,2
gvk,2
kyroskoski,2
tsla,2
adviser,2
stricter,2
selloff,2
broke,2
presently,2
departure,2
inaugural,2
bunge,2
proceeding,2
ivrcl,2
reflect,2
grant,2
typically,2
avigo,2
waterborne,2
kolkata,2
powered,2
freight,2
fayeza,2
extend,2
cream,2
drying,2
bhartiya,2
efi,2
sought,2
alexander,2
idr,2
circle,2
finmin,2
convert,2
meanwhile,2
spokesperson,2
boy,2
cagr,2
hfc,2
altamount,2
west,2
randstad,2
participatory,2
overnight,2
blackstone,2
karnataka,2
technically,2
emcure,2
reit,2
closure,2
goal,2
hafizee,2
srei,2
amzn,2
hcc,2
confirms,2
particularly,2
evraz,2
kg,2
beaten,2
bullying,2
strengthen,2
eih,2
aid,2
outperformers,2
yahoo,2
resort,2
washington,2
intime,2
facade,2
copy,2
sure,2
riga,2
pass,2
accountant,2
closely,2
empty,2
custom,2
stoploss,2
tenure,2
garg,2
profitability,2
visaria,2
exploring,2
weakened,2
doktas,2
relaunch,2
implementing,2
pole,2
annum,2
skogster,2
employed,2
glory,2
sap,2
pool,2
dark,2
idc,2
coscom,2
anup,2
promised,2
processor,2
smelt,2
sitra,2
moil,2
sack,2
accepts,2
mini,2
soy,2
outflow,2
valid,2
midnighttrader,2
flock,2
turun,2
ragutis,2
woolworth,2
tournament,2
diageo,2
belarus,2
makemytrip,2
trendwatchindia,2
acting,2
bulk,2
devang,2
expands,2
frost,2
slovakia,2
authorisation,2
svp,2
bottle,2
varesvuo,2
slashed,2
delegation,2
ovum,2
zuari,2
helpful,2
nestle,2
twist,2
apetit,2
verdict,2
nddb,2
laying,2
niam,2
smartphones,2
certainly,2
handle,2
spout,2
mandate,2
attract,2
pradeep,2
republication,2
sonthalia,2
improves,2
framing,2
redistribution,2
rautalinko,2
boom,2
outsource,2
shree,2
conviction,2
biofuels,2
geopolitical,2
liisa,2
authorization,2
qtr,2
resolved,2
gram,2
enclosed,2
karl,2
continent,2
manghnani,2
spanning,2
wave,2
christopher,2
cerner,2
reactor,2
sludge,2
djsi,2
okay,2
pnb,2
expressly,2
mep,2
finieris,2
hexaware,2
westerlund,2
amex,2
easing,2
camera,2
bernhard,2
vianor,2
blow,2
upstream,2
guarantee,2
pretty,2
megawatt,2
ht,2
infibeam,2
honka,2
infoline,2
tapio,2
cba,2
nyberg,2
sav,2
marko,2
latvijas,2
vanilla,2
hoyer,2
wig,2
watching,2
navneet,2
narayan,2
clock,2
outdoor,2
chocolate,2
living,2
parameswaran,2
talking,2
nbfc,2
percentage,2
vaasa,2
organise,2
polytechnic,2
beneficiary,2
scam,2
choice,2
ghz,2
url,2
prepare,2
sanction,2
probability,2
seppo,2
treat,2
costly,2
influence,2
pai,2
iran,2
born,2
writer,2
velta,2
arto,2
extract,2
completely,2
powergrid,2
actively,2
kevin,2
slice,2
white,2
pune,2
stacker,2
nk,2
depends,2
effort,2
mnc,2
breakout,2
pertti,2
gradually,2
nbcc,2
malware,2
miteshthacker,2
fastest,2
ya,2
finserv,2
cmo,2
rpg,2
dash,2
dvd,2
nobel,2
worst,2
tallon,1
premier,1
tapped,1
upstaged,1
aqua,1
zg,1
pate,1
argentine,1
ukonaho,1
vnh,1
multistorey,1
multifunctional,1
calafate,1
vdw,1
eletric,1
celulose,1
driver,1
proceeded,1
dokumentori,1
phoenix,1
diego,1
loading,1
louis,1
organisational,1
distinctly,1
honolulu,1
symphony,1
somaxon,1
caput,1
spyware,1
aol,1
friman,1
chf,1
recording,1
projected,1
galerie,1
maija,1
oblivion,1
iterating,1
pohjantahti,1
inorganic,1
coagulant,1
breaking,1
vishakapatnam,1
missouri,1
ostroleka,1
ax,1
deere,1
upgraded,1
legrand,1
weblogs,1
protrusion,1
liising,1
hacker,1
planmill,1
conglomerate,1
exceeds,1
surrounding,1
moskovia,1
virus,1
brazilian,1
vcp,1
papel,1
exert,1
carpark,1
roofing,1
depositor,1
biodiesel,1
preference,1
motlanthe,1
rank,1
gray,1
cessation,1
bioethanol,1
olive,1
marinated,1
uniontown,1
addiction,1
gambling,1
compatriot,1
lulea,1
pennsylvania,1
pathological,1
downloading,1
interfax,1
finnegans,1
viiala,1
soar,1
wax,1
conducting,1
notably,1
donate,1
admiral,1
unlike,1
investlesprom,1
vibe,1
diameter,1
mass,1
blond,1
palin,1
transit,1
directionality,1
aspokem,1
lebanon,1
dukat,1
runner,1
maihaniemi,1
urbano,1
quito,1
zte,1
respective,1
milled,1
discipline,1
innovar,1
uio,1
ofcom,1
sullivan,1
ecuador,1
establishment,1
reijo,1
rfid,1
postal,1
warmly,1
rutav,1
underutilisation,1
invenergy,1
harald,1
bk,1
spruce,1
drawn,1
combination,1
kaaja,1
economics,1
basement,1
oja,1
barcelona,1
kaivo,1
biotherapeutics,1
logset,1
challenger,1
lake,1
convinced,1
oksanen,1
denver,1
provisional,1
optiflex,1
kdg,1
arabia,1
chipped,1
bark,1
archived,1
polyolefin,1
filtration,1
separation,1
seidenberg,1
kangasala,1
ivan,1
markka,1
remotely,1
salokannel,1
finished,1
retailed,1
truly,1
svenska,1
egg,1
pleased,1
panama,1
cheer,1
mmo,1
quarto,1
alise,1
applicable,1
castle,1
passage,1
leif,1
inregard,1
tanker,1
willich,1
pressplate,1
produkt,1
podcast,1
harple,1
washout,1
roshan,1
desarrollo,1
laavainen,1
carrot,1
promo,1
walker,1
marking,1
latter,1
mustonen,1
teppo,1
sahlberg,1
skeptical,1
tacked,1
stalk,1
kolorit,1
constitute,1
yaroslavl,1
voiced,1
dwa,1
ekaterinburg,1
prefab,1
mrkt,1
gardening,1
contextual,1
hameenlinna,1
ucell,1
kazan,1
rostov,1
serbia,1
empresa,1
entitles,1
ostrom,1
seitovirta,1
palace,1
shb,1
coca,1
handelsbanken,1
deepwater,1
willingness,1
uzbek,1
evidentiary,1
investigation,1
cola,1
demographic,1
taxpayer,1
thebault,1
plyland,1
panamax,1
avesta,1
poseidon,1
resulting,1
stena,1
luxembourg,1
replay,1
wks,1
baba,1
equilibrium,1
seafood,1
intelligent,1
partial,1
liitto,1
vuolteenaho,1
barley,1
culture,1
moron,1
chs,1
veil,1
stereotyping,1
niina,1
yankov,1
oleg,1
nenonen,1
viitasaari,1
igor,1
hanna,1
yhteishyv,1
lifting,1
salmi,1
designing,1
workout,1
pleasurable,1
chore,1
destia,1
homeowner,1
wallhamn,1
huhtam,1
eukor,1
rendered,1
helsingin,1
sacanfil,1
simulating,1
communal,1
phosphodiesterase,1
froh,1
annulled,1
semi,1
thief,1
trailer,1
pde,1
bs,1
barstow,1
kiruna,1
merchandise,1
pfizer,1
stealing,1
flew,1
judgement,1
succeeds,1
pellet,1
walter,1
veracel,1
watermark,1
nter,1
desk,1
customized,1
vitim,1
require,1
identified,1
strait,1
rubin,1
decaliter,1
cf,1
ogden,1
norske,1
nl,1
typed,1
keyboard,1
renison,1
calibrate,1
arna,1
imaging,1
pty,1
keyloggers,1
arrived,1
television,1
jsc,1
icelandair,1
pedometer,1
inculding,1
partition,1
lighting,1
bluebird,1
sharply,1
compass,1
knife,1
disappointing,1
phishing,1
pharming,1
ukmerge,1
skog,1
underweight,1
bus,1
dissolve,1
grodno,1
scandic,1
moisio,1
kazakh,1
explosively,1
pivo,1
stavebni,1
doprava,1
mechanizace,1
lidskoe,1
oao,1
eq,1
inha,1
instrumentation,1
reaching,1
propeller,1
prgn,1
vostochny,1
bench,1
litter,1
objectively,1
receptacle,1
toilet,1
retrieving,1
arques,1
salt,1
plccompany,1
indiana,1
definitely,1
behavioural,1
ky,1
bnpp,1
pkc,1
purpose,1
ohio,1
rukax,1
nvda,1
kentucky,1
tukka,1
invented,1
shelved,1
wisconsin,1
uranium,1
naturally,1
occurring,1
reclaimed,1
ahvenainen,1
paperboard,1
fulfillment,1
click,1
personalized,1
illinois,1
ruutana,1
ues,1
privatisation,1
redesigned,1
crushing,1
excessive,1
svensson,1
pressuring,1
kurt,1
commissioner,1
slash,1
dinosaur,1
disk,1
hassela,1
krona,1
telpak,1
serial,1
plyfa,1
multimediacard,1
landed,1
theft,1
stq,1
widened,1
ferguson,1
rik,1
legacy,1
peri,1
parquet,1
migration,1
scoring,1
koduextra,1
alabama,1
mayawas,1
pursuant,1
floorball,1
wolf,1
eseries,1
stylised,1
complement,1
vanhanen,1
sinappi,1
dave,1
multiradio,1
grannan,1
radome,1
boomerang,1
flexi,1
compound,1
fusing,1
alpine,1
discovered,1
axe,1
inhibitor,1
gothenburg,1
andalusia,1
endp,1
ivarsson,1
compnay,1
niemi,1
hallberg,1
toppled,1
hartford,1
liberty,1
damaging,1
arrive,1
ufa,1
strand,1
charting,1
cablevision,1
hsea,1
connecting,1
jeambar,1
patrick,1
fremantlemedia,1
fh,1
lightweight,1
knickerbockers,1
advertised,1
minor,1
ranger,1
servis,1
kcr,1
payphones,1
telecominvest,1
mile,1
kilometer,1
burton,1
putin,1
vladimir,1
maxi,1
vosstaniya,1
buster,1
silva,1
modify,1
crucially,1
barum,1
regionally,1
maintained,1
cbd,1
straddle,1
moreover,1
derived,1
talv,1
revealed,1
indital,1
pie,1
lettable,1
paivaniemi,1
intend,1
tradition,1
exempted,1
easter,1
liquide,1
ratasmaki,1
remind,1
diagnostics,1
incorporate,1
baker,1
weekday,1
exactly,1
matador,1
etsi,1
nationally,1
dvb,1
tammela,1
espana,1
austrian,1
reng,1
celtnieciba,1
arbidans,1
janis,1
ea,1
downplay,1
excuse,1
barleycorn,1
separately,1
recall,1
brexit,1
descending,1
ghg,1
wellmont,1
ovako,1
vie,1
ntt,1
utilise,1
opting,1
foresees,1
westend,1
cameco,1
mhs,1
harbour,1
christian,1
yvonne,1
cardona,1
kirsi,1
rantanen,1
atvi,1
downloadable,1
successful,1
activision,1
chameleon,1
wackiness,1
gawker,1
pekkarinen,1
seem,1
consulate,1
sanna,1
amsterdam,1
spoke,1
fluctuated,1
unstable,1
lidl,1
pradesh,1
eua,1
tele,1
andhra,1
allowance,1
mets,1
vizag,1
instructional,1
everywhere,1
slowed,1
hikauppa,1
moorits,1
mak,1
lihatoostus,1
kuzaj,1
valga,1
fab,1
collaborative,1
intuitive,1
movie,1
khopoli,1
roving,1
glasgow,1
immersive,1
eou,1
winded,1
undertaken,1
realistic,1
reservation,1
belief,1
merges,1
cpps,1
natlabs,1
intersection,1
neither,1
punch,1
fischer,1
edmonds,1
gerber,1
portable,1
wgo,1
bod,1
mismanagement,1
agricole,1
bcs,1
jalo,1
dormus,1
nont,1
xg,1
pypl,1
agn,1
barc,1
inch,1
alfred,1
wellingborough,1
vga,1
wayne,1
greensmith,1
something,1
song,1
exist,1
wellbeing,1
rn,1
doobie,1
megabyte,1
saltonstall,1
nederland,1
bv,1
epa,1
vtb,1
sourced,1
practically,1
except,1
throughput,1
repositioning,1
groep,1
jaston,1
strategically,1
antwerp,1
vimpelcom,1
super,1
netapp,1
calendered,1
substation,1
kyivstar,1
salvor,1
fim,1
inga,1
hamburg,1
commerzbank,1
luxury,1
aca,1
alpro,1
homepage,1
cnl,1
courthouse,1
solo,1
edgar,1
everyday,1
kpy,1
hkse,1
shse,1
nav,1
storing,1
phosphorous,1
wtc,1
multinational,1
marski,1
altia,1
edible,1
george,1
newswire,1
mcdonald,1
enp,1
aleksanterinkatu,1
highrises,1
organised,1
virsuliskes,1
viable,1
moss,1
reino,1
erection,1
hartwall,1
heineken,1
aaron,1
chu,1
voimatel,1
patch,1
relative,1
convenience,1
memory,1
lehtiyhtyma,1
repair,1
refurbishment,1
somoncom,1
magnetic,1
expandable,1
pile,1
ru,1
mosmetro,1
slot,1
capitex,1
detector,1
bascule,1
precipitation,1
alike,1
intensity,1
lighter,1
carton,1
krakeroy,1
organize,1
exceed,1
differs,1
laasanen,1
durham,1
dulai,1
heindlmeyer,1
proving,1
girder,1
iisalmi,1
gran,1
exterior,1
coat,1
painting,1
utilises,1
hintikka,1
baldauf,1
ylivieska,1
sari,1
quantity,1
seng,1
countervalue,1
cdp,1
maine,1
skaarer,1
haakon,1
tourist,1
oversee,1
curbed,1
entitle,1
faller,1
cet,1
racked,1
incident,1
veidekke,1
marieholm,1
junction,1
anasmotet,1
kraski,1
skandinaviska,1
mpra,1
sidewalk,1
noop,1
variant,1
fulfilled,1
banken,1
recalling,1
enskilda,1
finbow,1
spreader,1
exploration,1
rf,1
mba,1
else,1
snapper,1
gunneflo,1
talvik,1
hardest,1
weert,1
orhangazi,1
aberration,1
miniature,1
robot,1
checked,1
double,1
lihir,1
guinea,1
valkeakoski,1
papua,1
avena,1
fluctuation,1
ryymin,1
kaisanlahti,1
karkkila,1
readership,1
lanxess,1
archer,1
raffle,1
lsc,1
pistachio,1
washable,1
costanza,1
brasiliensis,1
cw,1
hevea,1
specie,1
isoprene,1
tdd,1
petrofac,1
welfare,1
evp,1
finncomm,1
dc,1
statistical,1
sunrise,1
rock,1
florida,1
hosted,1
county,1
artemyev,1
exists,1
ailment,1
surveyed,1
euribor,1
hauling,1
hienonen,1
conveying,1
totally,1
unloader,1
yhtym,1
rspo,1
roundtable,1
sailed,1
cardiovascular,1
asthma,1
inverter,1
actor,1
krister,1
compressor,1
seismic,1
newest,1
auditing,1
shared,1
unified,1
stonegate,1
tendency,1
hunting,1
emailed,1
hypotek,1
supplement,1
diabetes,1
coordinate,1
confirming,1
hepatitis,1
bjorn,1
skandinavian,1
beleaguered,1
restructured,1
coaster,1
kennedy,1
locate,1
locatrix,1
experimenting,1
authorise,1
finger,1
converter,1
magnet,1
outdoors,1
millilitre,1
rebuilt,1
dig,1
ashley,1
seahawkdrilling,1
reproduction,1
parallel,1
ervi,1
incorporating,1
laguardia,1
newark,1
often,1
teterboro,1
bargain,1
audience,1
ahms,1
differentiate,1
failure,1
politician,1
bribery,1
petrobras,1
franchise,1
royce,1
pan,1
simonson,1
shifted,1
valmet,1
entreprenad,1
cliffton,1
stewart,1
coordinated,1
formal,1
demanded,1
kolkhoznitsa,1
mechanic,1
intangible,1
pourings,1
sculptural,1
formwork,1
fencing,1
rabochy,1
ceiling,1
typical,1
mformation,1
hansen,1
midwest,1
endowment,1
collective,1
sponsor,1
melting,1
greatest,1
pietiek,1
shanahan,1
configuration,1
rhubarb,1
singulase,1
mostly,1
cowboy,1
tummy,1
jean,1
playbook,1
boxboard,1
min,1
width,1
gallup,1
decker,1
button,1
inge,1
van,1
gro,1
miracle,1
ryobi,1
lynn,1
husqvarna,1
nord,1
dnb,1
achievement,1
melody,1
counterpart,1
seeder,1
valdor,1
helir,1
agriculture,1
recession,1
orchard,1
aggregator,1
mazzika,1
hoped,1
rotana,1
emi,1
warner,1
synonymous,1
ergo,1
apart,1
disappear,1
betonituote,1
sirkka,1
anttila,1
veliky,1
aava,1
implies,1
fragmented,1
straight,1
db,1
dumping,1
anti,1
exempting,1
geographic,1
karttakeskus,1
turmoil,1
demonstrated,1
boardroom,1
companiesdiageo,1
heatmasters,1
lampokasittely,1
lahden,1
luumaki,1
strawberry,1
pear,1
castecka,1
ignatius,1
marela,1
lahtinen,1
akseli,1
photonium,1
extent,1
greater,1
rohwedder,1
rvr,1
eads,1
comparison,1
aeronautic,1
respiratory,1
ingen,1
hacking,1
reel,1
crecent,1
reportable,1
scheduling,1
alteams,1
wherever,1
jensen,1
satisfactorily,1
neudorf,1
particle,1
molten,1
cyclone,1
chirnside,1
spunlace,1
ahl,1
older,1
supercalendered,1
reorganised,1
traveller,1
innovationsmanagement,1
eos,1
retired,1
dino,1
standing,1
jam,1
finnfund,1
repeal,1
riskware,1
sepa,1
slo,1
rig,1
parameter,1
mansner,1
pellonpaja,1
normark,1
favor,1
toptronics,1
kiilto,1
repeating,1
decor,1
ttm,1
toivola,1
dovre,1
critch,1
governemtn,1
commiting,1
noticeable,1
njastein,1
pushing,1
suspended,1
entice,1
lol,1
wwd,1
collar,1
criterion,1
lowest,1
raty,1
dalborg,1
yty,1
archicad,1
pb,1
peroxide,1
hydrogen,1
stored,1
protects,1
showcase,1
fill,1
enuff,1
lucky,1
kylas,1
disease,1
koskinen,1
minimize,1
delisted,1
nm,1
activation,1
delivers,1
accordingly,1
tutkimuksen,1
gemalto,1
tahdet,1
merko,1
fulfilment,1
turtas,1
nekilnojamas,1
ell,1
rimvesta,1
etera,1
assumption,1
jortikka,1
ensuring,1
penttil,1
dramatically,1
freezing,1
dose,1
nwc,1
yitgroup,1
uusimaki,1
pharmacodynamic,1
kimmo,1
lukkoexpert,1
corroborate,1
synosia,1
regeneration,1
pop,1
recoil,1
traveler,1
boh,1
lotus,1
bracing,1
soosalu,1
meant,1
imap,1
beneath,1
saimaa,1
renewing,1
rtsil,1
viscaria,1
suur,1
osuuskauppa,1
adak,1
aaltonen,1
tero,1
geneva,1
ballast,1
avalon,1
crushed,1
logical,1
drinking,1
wastewater,1
asx,1
envisaged,1
avi,1
facilitate,1
kra,1
savo,1
nsr,1
smelter,1
tweeple,1
latvian,1
undisturbed,1
hi,1
technoparks,1
formation,1
specialize,1
lakeville,1
vintage,1
designation,1
kohtam,1
cushion,1
pot,1
cocktail,1
kershaw,1
tinyurls,1
sankey,1
clicking,1
proof,1
kuula,1
egeszsegbolt,1
removed,1
scanning,1
garage,1
maritim,1
oras,1
plaza,1
inking,1
parity,1
destination,1
stadigh,1
sac,1
desalination,1
arteva,1
esl,1
shuweihat,1
curator,1
juuka,1
mc,1
kahonen,1
inside,1
sokopro,1
composition,1
slovenia,1
bratislava,1
reding,1
nikkiso,1
pump,1
lewa,1
quadriga,1
boni,1
sue,1
glisten,1
courier,1
teenager,1
teaming,1
telco,1
gained,1
piloting,1
cul,1
auburn,1
ahola,1
saunalahti,1
grading,1
uutislehti,1
cph,1
heavily,1
sponsored,1
sled,1
herttaassa,1
och,1
flagging,1
lundmark,1
realprojekti,1
myllykoski,1
unfortunately,1
jamnagar,1
powerless,1
spare,1
maskinservice,1
reftele,1
dna,1
respect,1
conceptual,1
anchored,1
inrikes,1
swirled,1
tidningar,1
demonstrating,1
korpinen,1
poundstretcher,1
divestments,1
redelivery,1
tonnage,1
burning,1
denied,1
multiplayer,1
actually,1
witty,1
hervy,1
industri,1
dagens,1
paycheck,1
quipped,1
knot,1
tomhend,1
mu,1
biologicals,1
clausen,1
creates,1
haavisto,1
navteq,1
vaccine,1
bedroom,1
biopharmaceutical,1
originated,1
genvec,1
moorestown,1
joined,1
whereas,1
transported,1
dso,1
postponement,1
programming,1
rantakari,1
assumed,1
meantime,1
garner,1
saarioinen,1
bounced,1
bridgestone,1
monospace,1
outplacement,1
ailing,1
resurrect,1
unveiled,1
stefan,1
moran,1
pirelli,1
goodyear,1
ugglarp,1
flatiron,1
manhattan,1
keywords,1
newsroom,1
repeat,1
ne,1
sk,1
map,1
cancellation,1
effected,1
prohouse,1
toxic,1
replacement,1
searching,1
artist,1
locator,1
northernmost,1
imsm,1
tetroxide,1
osmium,1
trace,1
writing,1
assistant,1
trained,1
xm,1
gb,1
unlisted,1
irrevocable,1
inspectorate,1
overcharging,1
constructed,1
aspiring,1
fki,1
jiang,1
hanoi,1
continuation,1
bretagne,1
draught,1
collaboration,1
tuuri,1
breadth,1
perpendicular,1
eurobond,1
schuldschein,1
myspace,1
ameas,1
fcu,1
dallas,1
submission,1
emmy,1
identify,1
collision,1
tim,1
budapest,1
megamart,1
shdsl,1
voip,1
crossing,1
innovator,1
gogol,1
happens,1
aura,1
ionphase,1
forwarding,1
nen,1
eataly,1
meaning,1
unbelievably,1
eventim,1
ct,1
interavanti,1
kid,1
hu,1
syrj,1
grown,1
nugget,1
astana,1
contempus,1
flush,1
archestra,1
seventy,1
neteller,1
simply,1
restructurings,1
span,1
locomotive,1
internationalised,1
vista,1
bower,1
trainee,1
sihvonen,1
gathered,1
grows,1
powerplant,1
telecomms,1
esa,1
weckstr,1
indosat,1
wrapped,1
drawing,1
dealership,1
su,1
ppmi,1
cs,1
treble,1
resin,1
painted,1
johnson,1
optimising,1
matthey,1
raivv,1
semiconductor,1
byline,1
virkkala,1
hame,1
paijat,1
ufj,1
altima,1
strattonite,1
scheck,1
cheri,1
ubnt,1
resolve,1
opened,1
ill,1
lisle,1
impress,1
poser,1
literature,1
assist,1
optionally,1
zain,1
zainalabedin,1
mohammed,1
empt,1
gatehouse,1
envisages,1
identifying,1
suonenjoen,1
betoni,1
forssan,1
suy,1
zapadnye,1
yakima,1
philadelphia,1
downturn,1
conjunction,1
apparatus,1
elimaki,1
aho,1
rana,1
lawmaker,1
assume,1
mo,1
pensionable,1
shock,1
furusund,1
normally,1
condominium,1
iso,1
vorota,1
reshuffled,1
rugby,1
den,1
disclaims,1
neya,1
timber,1
lumberman,1
kostroma,1
garmin,1
cayman,1
tomtom,1
propertos,1
blackberry,1
ranging,1
hatch,1
weatherdeck,1
consist,1
blending,1
intellectual,1
vaalipalvelu,1
klo,1
omena,1
matinkyla,1
lcs,1
flexo,1
interference,1
petri,1
koistinen,1
mara,1
ailus,1
isto,1
hantila,1
sata,1
substitute,1
tailored,1
loviisa,1
lee,1
campofrio,1
groupe,1
sfd,1
tase,1
lacquered,1
phillip,1
noise,1
reinforced,1
advised,1
therein,1
tyumen,1
chelyabinsk,1
khanty,1
mansi,1
autonomous,1
boring,1
muling,1
kemian,1
album,1
automate,1
outright,1
purchasing,1
dispose,1
formadehyde,1
rabbit,1
streaming,1
heated,1
liability,1
lutterworth,1
teva,1
nge,1
jarvinen,1
forming,1
veda,1
harnosand,1
kroksberg,1
mwe,1
lappeenranta,1
relinquishing,1
borl,1
zip,1
reorganization,1
leipurin,1
blyk,1
innovational,1
warranty,1
ivd,1
beginner,1
ce,1
speciality,1
warned,1
slumped,1
marietta,1
marjo,1
constitutes,1
aggregate,1
peltola,1
tuija,1
helokunnas,1
anneli,1
korteniemi,1
lei,1
surcharge,1
romanian,1
ã³eur,1
ga,1
deploy,1
charlotte,1
unc,1
maatalous,1
hankkija,1
pipettors,1
matkatoimisto,1
smt,1
forwarded,1
presence,1
vega,1
la,1
offenburg,1
marketwatch,1
chambersburg,1
logged,1
legislative,1
eronen,1
activating,1
painful,1
paying,1
mold,1
aboavista,1
sukhraj,1
ebusiness,1
adjust,1
snowfall,1
pearson,1
pentik,1
forever,1
mortar,1
browse,1
recognize,1
brick,1
comparative,1
reiterated,1
coherent,1
ramp,1
prototype,1
vuokatti,1
struggled,1
bawag,1
pensioenfonds,1
stichting,1
solely,1
explore,1
eat,1
privately,1
stripy,1
crocheted,1
lemcon,1
ramsey,1
liljeholmen,1
handoff,1
indication,1
seminar,1
frequent,1
projektivuokraus,1
angler,1
oregon,1
monitoring,1
refuted,1
maggie,1
oka,1
leaked,1
logistical,1
keith,1
skeoch,1
nish,1
feel,1
reorganizing,1
slitting,1
tekes,1
liquor,1
stuk,1
isk,1
obligated,1
proposition,1
resting,1
comfortably,1
shivakumar,1
galvan,1
jaakko,1
respecta,1
vilo,1
foncier,1
calibration,1
financement,1
compagnie,1
koivisto,1
samuel,1
antniemi,1
lonnfors,1
maybe,1
guess,1
mikko,1
lip,1
gloss,1
mascara,1
embarked,1
fidelity,1
ghana,1
unbanked,1
banked,1
saavalainen,1
cnc,1
gibtelecom,1
illustration,1
facing,1
reaffirmed,1
voltage,1
winder,1
carolina,1
johanna,1
usually,1
egan,1
worm,1
towergate,1
rihko,1
tour,1
altadis,1
tomsk,1
procedure,1
vladivostok,1
stretch,1
contribute,1
cymed,1
schapiro,1
lgu,1
kauhajoen,1
teurastamokiinteistot,1
companieslse,1
corrupt,1
activate,1
itikka,1
sardus,1
oefirstalert,1
possibly,1
brewerton,1
beatriz,1
sanofi,1
recari,1
martina,1
eberl,1
lightning,1
welsh,1
becky,1
finisher,1
luna,1
opk,1
seventh,1
shooting,1
meggitt,1
onemed,1
outlining,1
workday,1
contain,1
scientist,1
agj,1
firstalert,1
nitrogen,1
msn,1
montaj,1
imalat,1
tesisleri,1
vaias,1
radiosonde,1
endustri,1
observation,1
nitrate,1
asokan,1
gama,1
patrik,1
pervorouralsky,1
pntz,1
flykt,1
alakoski,1
suihko,1
nadarajah,1
earned,1
nutritional,1
ruin,1
penttila,1
dt,1
qi,1
vostok,1
popularity,1
spc,1
cumberland,1
hannaford,1
basket,1
ahold,1
qt,1
harold,1
readychex,1
refiner,1
refreshment,1
heikkil,1
investrend,1
maltider,1
latta,1
historian,1
mosenergosbytbody,1
industrialsql,1
hmi,1
gild,1
ascs,1
sandbagged,1
easyjet,1
er,1
confirmation,1
disaster,1
si,1
germanwings,1
intouch,1
ofbodywhich,1
tasb,1
tambov,1
sare,1
saratovenergo,1
altaienergosbyt,1
mssb,1
keskinen,1
salminen,1
tusa,1
capturing,1
sending,1
cheerful,1
chic,1
laamanen,1
tomi,1
attacker,1
detect,1
nursery,1
grabbing,1
sinocast,1
lazada,1
ecommerce,1
marina,1
tameer,1
residence,1
elite,1
organically,1
keylogging,1
saa,1
humo,1
toward,1
maloney,1
circulation,1
helisnki,1
bakman,1
vijver,1
catering,1
architecture,1
okhta,1
tulla,1
packet,1
province,1
underperf,1
downgraded,1
mediation,1
vasantha,1
eng,1
scopi,1
depresses,1
schroders,1
neighboring,1
domestically,1
antonio,1
dragonfly,1
quartal,1
equaling,1
rejected,1
ojala,1
sauk,1
glencore,1
priit,1
ehitus,1
resilience,1
madoff,1
maximizes,1
ystok,1
bia,1
wysockiego,1
tripoli,1
podlaska,1
noc,1
libyan,1
kyrolainen,1
sir,1
rake,1
excise,1
baltimore,1
wt,1
injection,1
vocal,1
delhaize,1
individually,1
itonut,1
speech,1
israel,1
attach,1
marta,1
karczewicz,1
yiliang,1
bao,1
justin,1
ridge,1
gasoline,1
claiming,1
interchange,1
kia,1
rl,1
spokeswoman,1
roi,1
streamline,1
potato,1
heterogenous,1
limiting,1
companieshoward,1
savvy,1
thought,1
trygvesta,1
dailymail,1
fishy,1
yhoo,1
follum,1
effluent,1
modification,1
larox,1
rosendal,1
suitor,1
retire,1
hspa,1
cast,1
tekmanni,1
comtex,1
ranjan,1
jyvaeskylae,1
ustjug,1
collated,1
sheksna,1
woodworking,1
verification,1
usmanov,1
tietoenators,1
competency,1
oblast,1
sveza,1
categorically,1
arabized,1
rostelecom,1
svyazinvest,1
gill,1
pestka,1
hyun,1
sipponen,1
involving,1
asa,1
nsn,1
passed,1
tiusanen,1
tapani,1
suovaniemi,1
osmo,1
pentti,1
chang,1
harkonen,1
benelux,1
supermercado,1
distinct,1
kit,1
loader,1
forwarders,1
wi,1
alternately,1
constantly,1
signaling,1
baked,1
poznan,1
kansa,1
vartan,1
brista,1
leisure,1
newswires,1
rmb,1
pietinalho,1
motivate,1
smoke,1
normandy,1
provision,1
cukurova,1
turkcell,1
kitron,1
cereal,1
breakfast,1
galeria,1
watchtower,1
gather,1
recipient,1
lump,1
kontturi,1
scholarship,1
preserved,1
canned,1
vehvilainen,1
nlczawdohp,1
mpylireqjh,1
doomed,1
sintered,1
difference,1
unrivalled,1
krogerus,1
archipelago,1
microwave,1
boute,1
maarten,1
haiti,1
rajamaki,1
ylinen,1
tried,1
kaspersky,1
insolvency,1
scrapped,1
websense,1
tumbleweed,1
sophos,1
proofpoint,1
panda,1
marshal,1
aladdin,1
hyvinkaa,1
eriksson,1
hangasjarvi,1
markku,1
ercs,1
oesk,1
rushydro,1
wet,1
finn,1
tent,1
varkaus,1
utilizing,1
bluegill,1
apwr,1
panfish,1
shortlisted,1
ponsse,1
restoration,1
lookout,1
spraying,1
thermal,1
handler,1
equivalent,1
vap,1
gw,1
pge,1
karhu,1
koff,1
varpaisj,1
janhonen,1
highlighted,1
areva,1
toshiba,1
hitachi,1
rakvere,1
pipe,1
sewer,1
refurbishing,1
populated,1
posting,1
renal,1
balloon,1
gambro,1
schultz,1
admits,1
nyman,1
europolitan,1
complemented,1
barge,1
pusher,1
packing,1
concentrated,1
breeze,1
regulates,1
permitted,1
tec,1
gdf,1
tomas,1
scaffolding,1
lvl,1
cableway,1
rimi,1
magistral,1
cruising,1
flange,1
coker,1
rev,1
inaugurating,1
bioview,1
inaugurates,1
castell,1
california,1
martinez,1
eagle,1
suez,1
alholma,1
omitted,1
rightfully,1
kilogram,1
mursula,1
centimeter,1
pcmag,1
hemphill,1
lived,1
cdma,1
continually,1
telgua,1
guatemala,1
nokian,1
haapakoski,1
vsevolozhsk,1
leningrad,1
kiikoinen,1
interdigital,1
responsive,1
tesoro,1
categorization,1
write,1
vantage,1
atlas,1
chargz,1
karlstad,1
blind,1
pressed,1
disappeared,1
scanned,1
arokarhu,1
expired,1
swot,1
unbroken,1
standalone,1
alumina,1
limestone,1
headquarter,1
relating,1
feasible,1
financially,1
ooo,1
kitai,1
stroi,1
bullet,1
folded,1
automates,1
cido,1
dohle,1
cancer,1
cosco,1
wintek,1
weakening,1
nancheng,1
randgold,1
pellissier,1
spent,1
glad,1
dialing,1
katzman,1
chaim,1
revolving,1
thorwoste,1
bernard,1
infotainment,1
nilesh,1
slow,1
virtu,1
etsy,1
footing,1
gurnani,1
cp,1
satyam,1
causer,1
dhananjay,1
headwind,1
atf,1
violation,1
drain,1
reverse,1
evasion,1
widens,1
odds,1
sutra,1
linkedin,1
twitter,1
yelp,1
unwilling,1
pidilite,1
perkier,1
smallcap,1
cme,1
vidyapith,1
banasthali,1
jlr,1
affirms,1
glaxo,1
edu,1
largecaps,1
boi,1
edgeverve,1
finacle,1
darling,1
misstep,1
overlook,1
atsi,1
slowdown,1
ancillary,1
illegal,1
gontermann,1
lever,1
distillery,1
empee,1
plagiarism,1
accuses,1
strain,1
jagbir,1
savargaonkar,1
illegally,1
kaashyap,1
ibibo,1
padmaraju,1
charan,1
sama,1
phanindra,1
redbus,1
peipers,1
murli,1
triveni,1
indst,1
borrow,1
allayed,1
absolutely,1
trimming,1
aproach,1
refuse,1
gilbert,1
aberdeen,1
kaveri,1
accepted,1
chronicle,1
deccan,1
bloodbath,1
chini,1
balrampur,1
detour,1
dilute,1
upl,1
fda,1
ndtv,1
manisha,1
infopark,1
hrishikesh,1
satwalekar,1
cyient,1
rebrands,1
cummins,1
kpit,1
girotra,1
vijayan,1
reddys,1
disapproves,1
janakiraman,1
ampreet,1
networkplays,1
witnessing,1
niit,1
listless,1
oilseed,1
officially,1
heidelbergcement,1
guha,1
partha,1
extortive,1
ample,1
upward,1
molasses,1
sudhakar,1
adecco,1
panic,1
sideswiped,1
ops,1
bamzai,1
outpace,1
bhandari,1
sundeep,1
promoted,1
anant,1
haldia,1
chatterjee,1
omaxe,1
phaneesh,1
integrates,1
cppib,1
shapoorji,1
loser,1
cadila,1
nippon,1
gtl,1
fifteen,1
iip,1
cpi,1
acc,1
ambuja,1
pare,1
hpcl,1
sharyans,1
toe,1
sbm,1
sbt,1
sbbj,1
pallonji,1
recos,1
pnc,1
elecon,1
prabhat,1
puma,1
redeems,1
kimeng,1
redressal,1
churn,1
subbarao,1
upsc,1
razdan,1
rajni,1
vlcc,1
vaidya,1
tca,1
iesa,1
volta,1
eicher,1
actis,1
outperformance,1
manipulated,1
etihad,1
lavazza,1
agree,1
panvel,1
bazaar,1
nutraceuticals,1
laila,1
rashesh,1
relax,1
assuming,1
naik,1
warns,1
venkataramanan,1
pil,1
sensing,1
stress,1
indostar,1
lesson,1
bullion,1
blueprint,1
reaction,1
mahesh,1
patil,1
sunlife,1
mishra,1
shreejit,1
chakraborty,1
adobe,1
bedi,1
umang,1
evolution,1
leadership,1
tremendous,1
tur,1
fluorochemicals,1
rajvi,1
rishabh,1
baton,1
mariwala,1
harsh,1
favoured,1
ibja,1
ordering,1
cakmaz,1
piparsania,1
mcap,1
fe,1
santa,1
burlington,1
ck,1
csrc,1
airasia,1
equitie,1
blunt,1
sheen,1
upa,1
rekhi,1
tilaknagar,1
dvr,1
adenwala,1
para,1
kothari,1
nspot,1
foreigner,1
aydogan,1
dispute,1
ut,1
renewal,1
bhimji,1
tribhovandas,1
unicon,1
nagpal,1
rane,1
depriciation,1
assign,1
pure,1
trick,1
azerbaijan,1
ovl,1
sanyal,1
meera,1
spared,1
rider,1
suuti,1
suspicious,1
suspends,1
jm,1
nano,1
gangnam,1
sky,1
outbids,1
paisa,1
shoot,1
constraint,1
concor,1
kampani,1
strange,1
ashith,1
sop,1
steria,1
beauty,1
slab,1
infused,1
npcil,1
prudent,1
realignment,1
chris,1
piyush,1
fillip,1
apec,1
lingers,1
eerily,1
rage,1
controversy,1
sai,1
directorship,1
mobilising,1
violating,1
osian,1
uidai,1
nilekani,1
nandan,1
bil,1
goetti,1
augmentation,1
outweigh,1
jump,1
comgest,1
inexpensive,1
carlo,1
steep,1
tantis,1
furnish,1
zenith,1
bata,1
returning,1
dealogic,1
intact,1
discom,1
hind,1
irregularity,1
accountable,1
robust,1
tinplate,1
niftys,1
webinar,1
etmarkets,1
monte,1
eqwise,1
mofsl,1
berger,1
idf,1
successfully,1
hpl,1
calcutta,1
rung,1
comatose,1
nitesh,1
fold,1
powersys,1
mascot,1
comfortable,1
jpx,1
developlment,1
foreing,1
chill,1
billon,1
mrf,1
farewell,1
waver,1
thinned,1
srl,1
tile,1
subramanyam,1
kakkarr,1
ashuu,1
orchid,1
stabilisation,1
syntel,1
aquis,1
lubricant,1
iim,1
shekhar,1
simpler,1
fraudsters,1
nail,1
relies,1
prone,1
moot,1
finalising,1
rak,1
killing,1
usha,1
ananthasubramanian,1
submarine,1
lucent,1
alcatel,1
outbrain,1
worried,1
nexus,1
eagerly,1
infosy,1
kleisterlee,1
vk,1
polaris,1
virtusa,1
counsel,1
bhavnani,1
wabag,1
mahila,1
bharatiya,1
slb,1
pfrda,1
saria,1
ratna,1
bfsi,1
minimised,1
spends,1
appointing,1
pares,1
shifting,1
fossil,1
pudumjee,1
meher,1
mcdonalds,1
manoranjan,1
lowe,1
creative,1
sapientnitro,1
kv,1
pinebridge,1
keralas,1
nsic,1
numero,1
coffer,1
uno,1
untraceable,1
omdc,1
nominated,1
ramprasad,1
upadhyay,1
hots,1
ci,1
pesb,1
selecting,1
react,1
hejmadi,1
tutor,1
postman,1
bhangoo,1
pacl,1
pancholy,1
stockpile,1
alumnus,1
amfi,1
axeon,1
aiding,1
rourkela,1
bonanza,1
iihfl,1
stockmind,1
soap,1
temple,1
guruvayur,1
gurmit,1
downing,1
selva,1
plane,1
malaysian,1
gokul,1
expedite,1
pitch,1
remove,1
fimmda,1
desai,1
exemplary,1
informant,1
carefully,1
unfavourable,1
canvas,1
avoided,1
markit,1
unlimited,1
bidder,1
night,1
relaunches,1
burst,1
upadhyaya,1
jittery,1
andrade,1
hurt,1
kec,1
corus,1
kirby,1
kohler,1
ulrich,1
bhavin,1
essel,1
ankur,1
plaint,1
progress,1
vasudev,1
remit,1
medal,1
othmer,1
etp,1
paulson,1
raghavan,1
exodus,1
superb,1
electricals,1
thukral,1
gaba,1
commods,1
reconstruction,1
katiyar,1
citibank,1
gobain,1
pledge,1
oilfield,1
corporates,1
psb,1
khandelwal,1
daiichi,1
whiff,1
idnani,1
dandapani,1
hegemony,1
suggestion,1
fslrc,1
eduventures,1
resonance,1
coaching,1
cholamandalam,1
untethered,1
devaluation,1
suffer,1
cling,1
coimbatore,1
ilango,1
sunidhis,1
cigniti,1
nafed,1
raman,1
mouli,1
mirza,1
multibaggers,1
allotment,1
mccann,1
drift,1
alladi,1
jlt,1
mahendra,1
mahalingam,1
banga,1
waiver,1
takeways,1
icrisat,1
kerin,1
fellowship,1
horticultural,1
agrim,1
sauda,1
wdra,1
subramanium,1
tame,1
agility,1
nasscom,1
chandrashekhar,1
geoff,1
polycom,1
ramakrishnan,1
polycab,1
implemetations,1
infosolutions,1
omnitech,1
swastika,1
adjourned,1
contest,1
channelled,1
crr,1
iod,1
shunning,1
reviving,1
paddy,1
tcil,1
mauritius,1
fairbridge,1
renew,1
dentsu,1
divya,1
dhanalaxmi,1
debjani,1
conventional,1
replacing,1
catalyse,1
shelf,1
disunited,1
wimsatt,1
craig,1
motorcycle,1
nellore,1
fci,1
protest,1
defers,1
fewer,1
corrects,1
indraprastha,1
mallya,1
compact,1
creta,1
budhraja,1
ramit,1
packard,1
hewlett,1
barely,1
parth,1
fsdc,1
scramble,1
irks,1
venue,1
leasings,1
fifa,1
replanting,1
rocket,1
sadbhav,1
freshdesk,1
krish,1
reversal,1
appreciate,1
breath,1
dovish,1
slumping,1
laden,1
awaiting,1
narasimha,1
babu,1
ajith,1
zyl,1
chalk,1
dqe,1
restrains,1
diamond,1
cooking,1
shankar,1
makkar,1
ginners,1
gcpl,1
landing,1
appreciation,1
inr,1
raghuvanshi,1
ambarish,1
nambiar,1
rajashree,1
nino,1
el,1
firepower,1
chopper,1
combat,1
yeates,1
darren,1
hancock,1
festival,1
gol,1
mission,1
ar,1
edserv,1
tick,1
xander,1
appreciating,1
stopping,1
dipen,1
halved,1
vsf,1
avekshaa,1
hallmarked,1
arc,1
tvm,1
auld,1
reappoints,1
dream,1
summoned,1
subrata,1
revamp,1
softsystems,1
radhakrishnan,1
aban,1
softens,1
agc,1
border,1
quota,1
crack,1
catamaran,1
elango,1
barjeel,1
telefilm,1
sirbu,1
avon,1
digest,1
overplaying,1
dmrc,1
beml,1
aniruddh,1
heerjee,1
kaizad,1
aircel,1
shine,1
vital,1
connected,1
roadblock,1
cerebrum,1
brave,1
pinned,1
bruising,1
zainulbhai,1
adil,1
prabha,1
comtrade,1
prevailed,1
adag,1
commonfloor,1
polywood,1
dhabriya,1
bhasin,1
speculation,1
fruit,1
dtc,1
zehnder,1
carborundum,1
caldwell,1
costlier,1
vinita,1
akzonobel,1
gupte,1
lalita,1
bean,1
mediratta,1
ameriprise,1
fundamentally,1
dheeraj,1
sumantran,1
brahmastra,1
silicate,1
aster,1
bafna,1
bgr,1
fruitful,1
tandem,1
bali,1
egon,1
experiencing,1
eurex,1
gerdau,1
gel,1
rework,1
hawkish,1
oz,1
reflecting,1
glow,1
clout,1
maheshwari,1
chatwal,1
sant,1
chandrasekaran,1
petromin,1
hindujas,1
huls,1
reconstitutes,1
shahane,1
vighnesh,1
krishnamoorthy,1
catastrophe,1
coene,1
ftils,1
luc,1
glum,1
entwistle,1
brook,1
everstone,1
brokerspicks,1
ferrari,1
ficci,1
binding,1
befor,1
finolex,1
firstsource,1
baweja,1
rajnish,1
flipkart,1
reviewing,1
surrendering,1
krishnaswamy,1
identifies,1
chandrakala,1
factorial,1
munish,1
oversubscribed,1
mideast,1
vibha,1
revision,1
bt,1
self,1
tussle,1
komli,1
rogue,1
mistry,1
keki,1
infomedia,1
jupiter,1
roadshows,1
sideline,1
insecticide,1
defer,1
sharda,1
generali,1
fincorp,1
nagesh,1
rematerialise,1
tanfed,1
fdr,1
acceptance,1
uncertain,1
nmce,1
nita,1
ishida,1
takayuki,1
nissan,1
reworks,1
nikko,1
phillipcapital,1
bhatnagar,1
tightly,1
grab,1
basavanhalli,1
jorapur,1
heritage,1
heidelberg,1
muliple,1
lucknow,1
guenter,1
sen,1
atanu,1
weighed,1
endemol,1
vidyasagar,1
spic,1
arcil,1
arbitrageur,1
da,1
ansuman,1
akali,1
mukherjea,1
refinancing,1
relying,1
abg,1
patna,1
viswanathan,1
dabba,1
cosmo,1
healing,1
durables,1
vittal,1
gopal,1
nift,1
ikea,1
gammon,1
eveready,1
madhavji,1
premal,1
santo,1
espirito,1
lau,1
dicci,1
entrepreneur,1
dalit,1
cyber,1
padia,1
hetal,1
pccw,1
centralised,1
safeguard,1
systemic,1
promulgation,1
pranab,1
confounds,1
sebis,1
considers,1
illicit,1
shantivijay,1
rockefeller,1
stir,1
prasun,1
bharathan,1
seshadri,1
shiva,1
salil,1
sistema,1
popping,1
algo,1
defreeze,1
somanis,1
defreezing,1
arbitrage,1
motion,1
soiles,1
tainwala,1
samsonite,1
restructure,1
spurring,1
everland,1
danautic,1
doehle,1
hajara,1
sci,1
toll,1
bat,1
grip,1
conitnue,1
memorandum,1
mute,1
battered,1
referendum,1
unitech,1
plain,1
amidst,1
formant,1
viber,1
bakshi,1
vmware,1
row,1
coalfield,1
whirlpool,1
gillette,1
ronald,1
popularising,1
fitzpatrick,1
edward,1
genpact,1
hoec,1
patience,1
kripalu,1
grameenphone,1
sufficient,1
adi,1
sporadic,1
sundaram,1
viji,1
sunteck,1
fccbs,1
cashless,1
talwalkars,1
kalyanasundaram,1
chro,1
chandel,1
katragadda,1
gopichand,1
ramanathan,1
thejo,1
kapil,1
tniic,1
rajaram,1
rp,1
richly,1
iif,1
shortchanged,1
lamy,1
generic,1
hosiery,1
macquarie,1
madras,1
mahanagar,1
manappuram,1
kaya,1
migrates,1
cheque,1
vastani,1
fenced,1
candidate,1
sxccl,1
novermber,1
mercedes,1
tuning,1
sootas,1
william,1
penn,1
explores,1
kalindee,1
anshu,1
defamation,1
mobius,1
calculus,1
modified,1
pravin,1
kanchinadam,1
ingersoll,1
ircon,1
tactful,1
jaggery,1
kashmir,1
jammu,1
lofty,1
underpinned,1
exec,1
jyothy,1
bondholder,1
postpones,1
baer,1
payout,1
pricewaterhousecoopers,1
mohan,1
pvk,1
pomegranate,1
siddth,1
ramsarup,1
fade,1
unhedged,1
shut,1
msf,1
nitish,1
benckiser,1
reckitt,1
reed,1
sandip,1
virtual,1
wilmar,1
plug,1
disturbing,1
moser,1
pmc,1
triggered,1
shakeup,1
kuldip,1
nandakumar,1
anuj,1
timely,1
alarming,1
operationalises,1
obc,1
concentration,1
traction,1
regains,1
bhambri,1
meshlabs,1
pegasystems,1
garde,1
infratechs,1
ivfa,1
dodsal,1
pipavav,1
templeton,1
ramkumar,1
fcra,1
submitting,1
ramamurthy,1
agro,1
hatson,1
ninth,1
wadala,1
franklin,1
shield,1
pk,1
jolt,1
ignored,1
feeling,1
vix,1
contends,1
damodaran,1
flaw,1
bikhchandani,1
bias,1
matthew,1
ipfs,1
alert,1
personalised,1
orbit,1
talukdar,1
quizzed,1
sembian,1
truncated,1
underestimate,1
furures,1
friedman,1
adena,1
flourochemicals,1
sarkar,1
storm,1
monetise,1
justdial,1
jagadish,1
algoma,1
ghai,1
ricky,1
complacency,1
utv,1
shortlist,1
ujjivan,1
mixing,1
empire,1
roc,1
contributed,1
taro,1
sanjeeb,1
prevents,1
lankan,1
realigning,1
moviez,1
ufo,1
vedic,1
maharishi,1
br,1
mangalam,1
kingfisher,1
eil,1
worldpay,1
impetus,1
populist,1
vishnu,1
midas,1
maven,1
shanghvi,1
inkling,1
repay,1
yr,1
cicc,1
venkat,1
jayant,1
apl,1
alok,1
inspire,1
capex,1
sez,1
wake,1
algorithmic,1
prism,1
simplex,1
pocket,1
aia,1
preparatory,1
suraj,1
manghat,1
promoth,1
industrie,1
execution,1
positivity,1
crowd,1
hft,1
sd,1
ny,1
warne,1
tendulkar,1
downtrends,1
wonder,1
biocons,1
bandopadhyay,1
minacs,1
struck,1
yk,1
capitalise,1
honkg,1
imax,1
iffco,1
favourite,1
emerge,1
devi,1
kanwaljit,1
helion,1
mangalore,1
docomo,1
impose,1
commision,1
dena,1
curbing,1
menon,1
mk,1
preview,1
mncs,1
diverted,1
akzo,1
ocm,1
ross,1
wl,1
govil,1
emerged,1
privileged,1
struggle,1
vaya,1
inning,1
akula,1
vikram,1
albanese,1
emeritus,1
mend,1
spv,1
subhash,1
thirteen,1
anhal,1
ipp,1
keshub,1
fourcee,1
currie,1
jeffrey,1
iot,1
allianz,1
singhel,1
tapan,1
jargonized,1
nuvo,1
inds,1
dcm,1
rothschild,1
bhandarkar,1
dabhol,1
cvci,1
veracity,1
cse,1
complainant,1
helpline,1
empanelment,1
bpos,1
technoplast,1
punkaj,1
visa,1
cgap,1
trimax,1
luxurious,1
safely,1
locked,1
tirupati,1
thermax,1
std,1
prasoon,1
nris,1
justify,1
sengupta,1
suven,1
boon,1
fighting,1
pfs,1
organises,1
shorting,1
lipton,1
wrangle,1
cognizant,1
cerc,1
unused,1
arbitrager,1
sigh,1
betadur,1
brosnan,1
bae,1
tentative,1
yudh,1
bachchan,1
acropetal,1
tide,1
indicating,1
ind,1
alter,1
solved,1
pepper,1
vietnam,1
bugbear,1
comm,1
pingle,1
milind,1
hygiene,1
sca,1
satisfactory,1
stabilised,1
malhotra,1
amisha,1
reasonably,1
pioneer,1
emergence,1
sintex,1
resumption,1
ensures,1
tewari,1
saimira,1
pyramid,1
rel,1
amalgamation,1
soaring,1
aarti,1
basf,1
servalakshmi,1
inevitable,1
retests,1
gunjan,1
sennheiser,1
pmo,1
reset,1
manipulator,1
notify,1
qib,1
greenery,1
refunding,1
ipef,1
yieldco,1
enhances,1
collates,1
colvyn,1
jwt,1
deconstructs,1
pull,1
differential,1
kisan,1
dd,1
maize,1
reaping,1
bagh,1
gulab,1
din,1
achhe,1
natgas,1
precedent,1
seems,1
sway,1
iyengar,1
chandra,1
renminbi,1
promote,1
raghav,1
troop,1
nandi,1
crimea,1
tenet,1
ventureast,1
andra,1
sateesh,1
kp,1
batra,1
sydney,1
gloomy,1
saraogi,1
munjal,1
helicopter,1
joseph,1
otis,1
dharmendra,1
watchdog,1
policing,1
nishi,1
adivisory,1
samik,1
vsel,1
makhija,1
sanctioned,1
tell,1
nath,1
subex,1
aga,1
empower,1
chidambaram,1
aerospace,1
dynamatic,1
compiled,1
dsk,1
digjam,1
wrong,1
igate,1
dewan,1
lapse,1
empowering,1
munesh,1
dell,1
kpmg,1
chintopanth,1
maya,1
chakrabarty,1
kc,1
lochan,1
kasturi,1
cramer,1
irrigation,1
prakashan,1
jagran,1
expanding,1
istreet,1
denominate,1
intelenet,1
improved,1
iisco,1
sahu,1
ic,1
insulated,1
monsanto,1
divekar,1
nationwide,1
scandinavia,1
loose,1
liquidated,1
sna,1
lehtonen,1
pehu,1
reka,1
furlough,1
paychex,1
alus,1
regard,1
negotiated,1
publishes,1
principally,1
osakeyhti,1
asfaltti,1
merisatama,1
renovate,1
chilled,1
cumulative,1
lehdentekijat,1
maemo,1
rinkuskiai,1
guder,1
assurance,1
bottled,1
horizon,1
metallurgical,1
pressurized,1
practitioner,1
rop,1
justified,1
modem,1
starwood,1
denies,1
intercontinental,1
conversation,1
zanadvorov,1
cornerstone,1
gilchrist,1
henry,1
withdrawing,1
download,1
recycle,1
encourage,1
criticised,1
merely,1
hornborg,1
diligence,1
celebrated,1
prague,1
etth,1
xdsl,1
coaxial,1
creation,1
ivory,1
abidjan,1
setv,1
vridi,1
du,1
geo,1
slavery,1
plaque,1
deramus,1
intravenously,1
pharmacokinetics,1
tolerability,1
wiio,1
kim,1
dismissed,1
ruuska,1
bookrunners,1
tlv,1
artemis,1
chikunov,1
progressed,1
hull,1
patented,1
disagreement,1
embroiled,1
formerly,1
kauno,1
jumped,1
societe,1
sains,1
pilanesberg,1
treating,1
governed,1
impressive,1
theyre,1
cant,1
kersberga,1
refurbish,1
universiti,1
halonen,1
grate,1
accident,1
timeless,1
niiininoski,1
noora,1
understood,1
adding,1
takanen,1
dragged,1
mobileid,1
ssl,1
vpn,1
unimilk,1
ext,1
polya,1
yamskogo,1
ulitsa,1
gantry,1
fantuzzi,1
loudeye,1
marketsbp,1
cps,1
valkama,1
versatile,1
forestal,1
bentos,1
ilk,1
examines,1
sharepoint,1
jorma,1
helmet,1
kariniemi,1
showed,1
caverion,1
avista,1
biobv,1
population,1
tmls,1
moisture,1
cake,1
dried,1
filtrate,1
extracted,1
fortitude,1
showroom,1
deka,1
rib,1
inflatable,1
boomeranger,1
receiving,1
earn,1
streamlining,1
purse,1
dinner,1
bib,1
baby,1
umbrella,1
colorful,1
sort,1
utilising,1
uruguay,1
deriving,1
rumilly,1
divests,1
bio,1
contacted,1
filipino,1
manned,1
sten,1
inspected,1
quatrocon,1
exploitation,1
bollore,1
nirula,1
glichkeit,1
forthcoming,1
browsing,1
mids,1
biocare,1
scala,1
beeinflussen,1
zu,1
finale,1
aussage,1
lo,1
eigener,1
laut,1
hat,1
und,1
lang,1
monate,1
sechs,1
kostenlos,1
lieksaare,1
regarded,1
leasable,1
vacancy,1
pathana,1
saha,1
belonging,1
thailand,1
karvinen,1
huh,1
genius,1
xb,1
ly,1
booking,1
recognized,1
hs,1
external,1
lennon,1
commenting,1
ansa,1
corrected,1
erh,1
tester,1
jeder,1
enexis,1
independently,1
viro,1
irish,1
derives,1
affectogenimap,1
canadian,1
hitura,1
depressed,1
phosphate,1
growhow,1
orkola,1
badly,1
taloustutkimus,1
lmt,1
wider,1
paviljonki,1
casualty,1
essent,1
swung,1
unquoted,1
flexibility,1
violated,1
flsmidth,1
malinen,1
wanted,1
utah,1
multimedia,1
juri,1
emsa,1
saarijarvi,1
gotta,1
surfeit,1
slowing,1
perlos,1
plummeted,1
wenchong,1
quitting,1
howard,1
amounting,1
rnits,1
designated,1
unite,1
collins,1
rockwell,1
diminished,1
gloriya,1
bitmapped,1
converted,1
cathode,1
accumulated,1
premedia,1
mainor,1
bluewin,1
casper,1
hired,1
ver,1
varma,1
ilmarinen,1
count,1
sda,1
manty,1
domino,1
pizza,1
asos,1
localisation,1
ameriprice,1
finans,1
haug,1
jarle,1
sbgrp,1
requisition,1
burdened,1
landsbanken,1
prevailing,1
wording,1
highway,1
brewer,1
bicentenary,1
lcd,1
newbury,1
williams,1
masterbulk,1
singaporean,1
freighter,1
leaning,1
lean,1
westward,1
degree,1
prolongation,1
incurred,1
totaling,1
reducing,1
gordon,1
portsmouth,1
dcuc,1
bloomberg,1
sainsbury,1
netact,1
ism,1
tikanoja,1
lassila,1
jacob,1
inclination,1
pisa,1
onboard,1
diagrid,1
itkonen,1
dual,1
combining,1
intriguing,1
geosolutions,1
inspects,1
fisa,1
cutlery,1
glassworldex,1
attend,1
egypt,1
boosting,1
adidas,1
salomon,1
modeling,1
geometrically,1
aligned,1
xvi,1
lanebrook,1
millhouse,1
manganese,1
rapidly,1
kuitunen,1
virpi,1
crosscountry,1
dilution,1
bm,1
impacting,1
rautakesko,1
molybdenum,1
calculate,1
chrome,1
ferro,1
alloy,1
grapevine,1
difficulty,1
kalinisky,1
raiguel,1
kara,1
impacted,1
excerpt,1
argentina,1
adoption,1
rme,1
flashing,1
rad,1
prom,1
beckham,1
victoria,1
worn,1
outfit,1
styled,1
satin,1
karelia,1
nitrite,1
sodium,1
turbo,1
netcom,1
backhaul,1
adopter,1
absolut,1
cholesterol,1
mildly,1
yard,1
calciners,1
text,1
password,1
cracker,1
ultrascan,1
veikko,1
umo,1
berling,1
vacuum,1
mud,1
sunk,1
dye,1
dyed,1
hooked,1
distinctive,1
burt,1
patricia,1
yearly,1
karara,1
halted,1
metric,1
tex,1
noponen,1
lassi,1
aforementioned,1
dokumculuk,1
casting,1
frankfurt,1
dusseldorf,1
ulm,1
multichannel,1
adjustable,1
grew,1
jarvenpaa,1
porvoo,1
hanko,1
beside,1
kapuli,1
telcontar,1
navigability,1
roman,1
diversify,1
verifying,1
validation,1
stoxx,1
reisholz,1
northwestern,1
blocking,1
autotank,1
creativity,1
daxtum,1
modal,1
gratuitous,1
eli,1
render,1
pledged,1
depositary,1
appliance,1
preferably,1
sandal,1
fulfil,1
evli,1
epi,1
resposnible,1
mediaphones,1
netbooks,1
pocketable,1
deregulatory,1
extending,1
fcc,1
distributes,1
structural,1
kurkilahti,1
lasse,1
boardman,1
panies,1
numerous,1
movable,1
shielding,1
hintze,1
marek,1
footwear,1
casual,1
hayward,1
observed,1
btt,1
characteristic,1
pharmacokinetic,1
tolerated,1
generally,1
mg,1
wish,1
narva,1
reiljan,1
janno,1
gage,1
degeneration,1
evil,1
capcom,1
colleague,1
directory,1
switchboard,1
consistent,1
rheumatoid,1
shed,1
arthritis,1
skyl,1
jyv,1
aalto,1
westphalia,1
rhine,1
squeeze,1
pirila,1
aaland,1
thicker,1
bay,1
oneworld,1
tornio,1
surmise,1
intermittently,1
detection,1
subsequent,1
ra,1
countryelements,1
oasis,1
allure,1
privatization,1
specifically,1
bioheapleaching,1
pivotable,1
mantyharju,1
alberta,1
columbia,1
nordalu,1
einvoices,1
ei,1
duet,1
buckeye,1
kasei,1
asahi,1
evacuate,1
hattersley,1
gavin,1
millercoors,1
occupier,1
parvi,1
kotikokki,1
mainstream,1
noa,1
persistently,1
acquirer,1
inspires,1
lowered,1
jacket,1
beanie,1
wore,1
kilometre,1
twh,1
olkiluoto,1
novotel,1
perch,1
rap,1
shad,1
trout,1
rainbow,1
countdown,1
consultation,1
firmed,1
spokesman,1
catalytic,1
kw,1
zloty,1
cidco,1
iivrcl,1
insteel,1
vashi,1
wap,1
sm,1
gprs,1
incorporates,1
height,1
interconnected,1
derstr,1
eriikka,1
frolov,1
abramov,1
abramovich,1
virent,1
addus,1
slid,1
assistance,1
axa,1
bumpy,1
xx,1
atom,1
handheld,1
karachi,1
tielinja,1
emptive,1
derogating,1
realtime,1
niklas,1
ornav,1
reopen,1
adult,1
rehabilitative,1
nursing,1
skilled,1
pavement,1
drainage,1
terminator,1
decorative,1
plunged,1
personally,1
html,1
cannon,1
remodeled,1
kronor,1
troubled,1
iceland,1
alandsbanken,1
puljonki,1
oscar,1
paulig,1
saturation,1
oxygen,1
blood,1
oximeter,1
oxyview,1
almaty,1
flexiblebaseloadoperation,1
schwalm,1
thewartsila,1
pyszny,1
makuisa,1
keiju,1
sunday,1
stuttgart,1
elektrobit,1
behnaam,1
aazhang,1
ashutosh,1
sabharwal,1
mukkavilli,1
jorgen,1
lundberg,1
fredrik,1
ponten,1
bylander,1
gasconversions,1
attributed,1
detailing,1
subcontract,1
strengthened,1
crosstown,1
iittala,1
homeware,1
designer,1
corrensponds,1
finton,1
discussed,1
brussels,1
cartel,1
norvestia,1
absentee,1
superior,1
ergonomic,1
excellent,1
iconic,1
saku,1
shenzhen,1
hautaniemi,1
steek,1
adjusting,1
bordeaux,1
whilst,1
pursuit,1
contrast,1
kuopio,1
bovine,1
uruguayan,1
encompassing,1
downstream,1
kymi,1
weaker,1
possession,1
assignment,1
considerably,1
okm,1
individualising,1
colourful,1
eijkens,1
hampden,1
manchester,1
birmingham,1
flatlines,1
tantrum,1
regime,1
banknifty,1
chhaochharia,1
chauhan,1
mindset,1
dvc,1
hole,1
petrochem,1
vila,1
dhunseri,1
vip,1
african,1
anytime,1
cong,1
tricky,1
triple,1
ramaprasad,1
adarsh,1
kaul,1
smx,1
fx,1
tpgs,1
chokhani,1
probable,1
fudge,1
ann,1
tranche,1
ripple,1
capt,1
leela,1
doyen,1
dominate,1
gurumani,1
chadha,1
gunit,1
selects,1
godaddy,1
interviewed,1
claris,1
jabong,1
xiaomi,1
renu,1
goair,1
roni,1
giorgio,1
wadia,1
brekke,1
sigve,1
malik,1
yogesh,1
bright,1
dhanya,1
ramana,1
taj,1
roshni,1
surya,1
inspired,1
suasion,1
moral,1
magic,1
karnad,1
onshore,1
foggy,1
connect,1
switch,1
flirt,1
sayal,1
menace,1
coordination,1
unishire,1
interesing,1
premji,1
azim,1
saxena,1
kalghatgi,1
champion,1
charles,1
dwarakanath,1
unexpected,1
response,1
enduring,1
driven,1
corpus,1
aegon,1
enquiry,1
apologise,1
wise,1
unconstrained,1
janus,1
mask,1
ansal,1
stockbroker,1
tested,1
overbought,1
opera,1
jalil,1
heenan,1
jeff,1
berry,1
longs,1
unwinding,1
nissin,1
fails,1
cb,1
bhave,1
chandan,1
rerate,1
smartly,1
horn,1
exim,1
divergence,1
vasudevas,1
dk,1
premia,1
natarajan,1
gopinath,1
hovering,1
bachaalani,1
issam,1
caixin,1
breaker,1
tupperware,1
dang,1
ramen,1
dhanayush,1
telang,1
fox,1
microsec,1
samruddhi,1
gemini,1
soya,1
ruchi,1
earnestly,1
rnrl,1
negatively,1
cafral,1
gopalakrishna,1
rathin,1
matched,1
remat,1
hrudayalaya,1
mayer,1
bandhopadhyay,1
hence,1
adaire,1
stronger,1
consensus,1
misuse,1
ipads,1
iphones,1
embrace,1
ajoy,1
eclipse,1
anymore,1
southeast,1
stockal,1
sic,1
kundra,1
raj,1
shaking,1
smes,1
selectusa,1
loosely,1
dubious,1
poa,1
lanka,1
onsite,1
gour,1
adfactors,1
tbwa,1
chaturmohta,1
rohatgi,1
dutta,1
anirudha,1
surprised,1
chair,1
mathur,1
srikanth,1
sodexo,1
reluctant,1
empanel,1
reclassifying,1
invits,1
litigation,1
prove,1
prozone,1
exempts,1
qoq,1
prevent,1
meltdown,1
valiant,1
netflix,1
icahn,1
indicator,1
cag,1
microsecond,1
botched,1
forge,1
atul,1
hub,1
capstone,1
kkr,1
akhil,1
gem,1
hidden,1
elusive,1
rajatkbose,1
vijaya,1
aifs,1
presidential,1
dalals,1
secy,1
onno,1
selectively,1
fides,1
bona,1
modifies,1
diktat,1
npa,1
referred,1
neyveli,1
resign,1
ramachandran,1
nafcub,1
abhyankar,1
mukund,1
campus,1
college,1
exemption,1
ruhl,1
gen,1
kannan,1
ozone,1
vg,1
adjourns,1
iocs,1
bioepis,1
merwe,1
richard,1
campaigning,1
bran,1
omo,1
sapient,1
endow,1
rajdeep,1
neelakantan,1
showing,1
lilladhers,1
prabhudas,1
floating,1
cartelisation,1
guar,1
gum,1
ravimohan,1
imbroglio,1
freak,1
structurally,1
underwriter,1
nabard,1
videsh,1
verma,1
mondelez,1
matrimony,1
initiated,1
mover,1
closer,1
mired,1
avoiding,1
sacked,1
jit,1
ispaat,1
aastha,1
fin,1
entering,1
allahabad,1
snapdeal,1
shilpi,1
kris,1
shibulal,1
consolidates,1
munot,1
succession,1
willful,1
imposes,1
hubtown,1
disposes,1
garment,1
arijit,1
axon,1
taneja,1
sawhny,1
vinod,1
loha,1
keeping,1
freely,1
bb,1
chandiramani,1
gmt,1
loom,1
classroom,1
dth,1
hawkishness,1
sniff,1
convertibility,1
apex,1
deemed,1
utis,1
rumour,1
scotch,1
clariant,1
kerala,1
clam,1
chaori,1
bunching,1
suit,1
slym,1
naresh,1
samal,1
marginally,1
toast,1
root,1
lining,1
hikal,1
harish,1
nishkaam,1
inducts,1
accelerator,1
gsf,1
involvement,1
scout,1
gallantt,1
abhishek,1
tractor,1
rattan,1
omc,1
scaling,1
bloc,1
toor,1
zealand,1
smallcaps,1
nibble,1
allot,1
wiser,1
ghcl,1
turf,1
elara,1
matar,1
vibrocompactors,1
chana,1
binani,1
teamlease,1
wheeler,1
infraprojects,1
unity,1
pgc,1
heavyweight,1
nurse,1
bilt,1
tn,1
havells,1
turntable,1
eighteen,1
dutchman,1
srinagar,1
kfhl,1
itdc,1
choppy,1
yankee,1
maini,1
chitkara,1
hostage,1
allcap,1
compliant,1
cook,1
saleable,1
pininfarina,1
cleared,1
rejigging,1
reassure,1
rosy,1
vulnerable,1
tighter,1
bearish,1
ignore,1
undermines,1
sfio,1
rajya,1
uptick,1
encouraging,1
fantastic,1
sustained,1
emergings,1
excitement,1
bangladesh,1
dasgupta,1
bikram,1
forbes,1
doldrums,1
leakgate,1
bottoming,1
renault,1
paralysis,1
sumit,1
nigel,1
severe,1
persist,1
biasness,1
fictitious,1
executing,1
shameful,1
dimon,1
jamie,1
delay,1
explain,1
lined,1
exciting,1
itp,1
happy,1
bagchi,1
anode,1
gansu,1
talent,1
mammila,1
sabbatical,1
katajavuori,1
adate,1
kolnp,1
mikaapplication,1
kellokoski,1
piirainen,1
tuomo,1
oyname,1
hualu,1
jot,1
applicant,1
advance,1
receipt,1
prerequisite,1
luceplan,1
bestseller,1
curl,1
instill,1
confidence,1
appearing,1
neighbouring,1
withdrawn,1
grappling,1
renounce,1
pesonen,1
pohjoa,1
pa,1
rosberg,1
density,1
qbsowjxost,1
ko,1
passive,1
investigated,1
itg,1
fennia,1
hiidenheimo,1
presented,1
italahdenkatu,1
curfew,1
stamp,1
removable,1
chose,1
shedding,1
sintering,1
pelletizing,1
anrak,1
redeemed,1
sysopen,1
lagardere,1
journey,1
artistic,1
linden,1
olavi,1
installment,1
teho,1
usual,1
stead,1
costumer,1
unnamed,1
dissolved,1
microwaveable,1
semiproducts,1
afe,1
nst,1
carriage,1
infected,1
dominating,1
smarket,1
laakso,1
emtn,1
drafted,1
topical,1
ruwais,1
gasco,1
extraction,1
install,1
accumulate,1
polled,1
finalize,1
testament,1
richest,1
fixing,1
doesnt,1
goutham,1
grandhi,1
reshuffle,1
transitional,1
convexity,1
deshpandes,1
charudutta,1
abott,1
ramky,1
epc,1
overly,1
singla,1
nature,1
hopefully,1
miffed,1
zerodha,1
anniversary,1
amol,1
charged,1
bad,1
gacl,1
samachars,1
aggressive,1
terver,1
fake,1
distinguish,1
spotting,1
landmark,1
harchekar,1
homework,1
girish,1
dematerialisation,1
cadbury,1
greifeld,1
robert,1
taker,1
yellow,1
incentivise,1
advocating,1
entrant,1
murugappa,1
vellayan,1
reveal,1
exaggeration,1
leash,1
sathe,1
mahajan,1
sumitra,1
habib,1
jawed,1
jaiprakash,1
dot,1
rivaling,1
witness,1
changer,1
environs,1
renamed,1
rebrand,1
iisl,1
cleaner,1
reap,1
mistake,1
krugman,1
brightest,1
doshi,1
unsure,1
doubled,1
prompt,1
skyrocketing,1
enemy,1
slew,1
pratip,1
deed,1
mangaldas,1
amarchand,1
bbl,1
borwankar,1
pisharody,1
ravindra,1
siddh,1
psl,1
pwm,1
tara,1
baligar,1
satyanarayan,1
newer,1
lobbying,1
wary,1
labour,1
bear,1
flooding,1
sitting,1
chaikin,1
redemption,1
purushottam,1
sangeeta,1
rcomm,1
fis,1
mdb,1
ananda,1
tycoon,1
sit,1
seizure,1
deeper,1
vikas,1
khan,1
khemani,1
upmove,1
salvage,1
abundant,1
hardening,1
outpacing,1
serious,1
cdsl,1
nsdl,1
lowering,1
postponed,1
destimoney,1
naveen,1
uppal,1
chintan,1
hudhud,1
duncan,1
saravana,1
akshay,1
aamir,1
mohanty,1
saini,1
cinepolis,1
gurgaon,1
alkali,1
dousing,1
chand,1
adpots,1
weinberger,1
cpai,1
intervene,1
ranjit,1
credible,1
undersea,1
ambience,1
devangvisaria,1
khair,1
abul,1
bangladeshi,1
marda,1
tagging,1
calling,1
irda,1
bollywood,1
rescue,1
daughter,1
stiff,1
mayaram,1
sbicap,1
correlated,1
errand,1
fool,1
timing,1
requires,1
rcf,1
nagarjuna,1
kesh,1
daiwa,1
pezarkar,1
realign,1
abbott,1
